method,training,dataset,perturb_max_px,dice_mean_seeds,dice_std_seeds,n_seeds,seeds
decoder_only,pm=0,busi,0,0.8935,0.0008,3,"0,1,2"
decoder_only,pm=0,busi,20,0.8693,0.0015,3,"0,1,2"
decoder_only,pm=0,busi,50,0.7785,0.0035,3,"0,1,2"
decoder_only,pm=0,busi,100,0.6587,0.004,3,"0,1,2"
decoder_only,pm=0,busi,200,0.4915,0.0035,3,"0,1,2"
decoder_only,pm=0,cbis_ddsm,0,0.828,0.0006,3,"0,1,2"
decoder_only,pm=0,cbis_ddsm,20,0.7059,0.0081,3,"0,1,2"
decoder_only,pm=0,cbis_ddsm,50,0.5039,0.0052,3,"0,1,2"
decoder_only,pm=0,cbis_ddsm,100,0.3026,0.0023,3,"0,1,2"
decoder_only,pm=0,cbis_ddsm,200,0.1574,0.0012,3,"0,1,2"
decoder_only,pm=0,isic2018_test,0,0.9487,0.0002,3,"0,1,2"
decoder_only,pm=0,isic2018_test,20,0.9349,0.0006,3,"0,1,2"
decoder_only,pm=0,isic2018_test,50,0.89,0.0019,3,"0,1,2"
decoder_only,pm=0,isic2018_test,100,0.8176,0.003,3,"0,1,2"
decoder_only,pm=0,isic2018_test,200,0.7102,0.0042,3,"0,1,2"
decoder_only,pm=0,ph2,0,0.9467,0.0001,3,"0,1,2"
decoder_only,pm=0,ph2,20,0.9312,0.001,3,"0,1,2"
decoder_only,pm=0,ph2,50,0.8917,0.0023,3,"0,1,2"
decoder_only,pm=0,ph2,100,0.8229,0.0029,3,"0,1,2"
decoder_only,pm=0,ph2,200,0.7309,0.0037,3,"0,1,2"
decoder_only,pm=20,busi,0,0.8807,0.0018,3,"0,1,2"
decoder_only,pm=20,busi,20,0.8717,0.0044,3,"0,1,2"
decoder_only,pm=20,busi,50,0.8088,0.0098,3,"0,1,2"
decoder_only,pm=20,busi,100,0.6879,0.0128,3,"0,1,2"
decoder_only,pm=20,busi,200,0.5184,0.0179,3,"0,1,2"
decoder_only,pm=20,cbis_ddsm,0,0.7824,0.0044,3,"0,1,2"
decoder_only,pm=20,cbis_ddsm,20,0.7012,0.0138,3,"0,1,2"
decoder_only,pm=20,cbis_ddsm,50,0.5186,0.0144,3,"0,1,2"
decoder_only,pm=20,cbis_ddsm,100,0.304,0.0091,3,"0,1,2"
decoder_only,pm=20,cbis_ddsm,200,0.1532,0.004,3,"0,1,2"
decoder_only,pm=20,isic2018_test,0,0.9462,0.0004,3,"0,1,2"
decoder_only,pm=20,isic2018_test,20,0.9365,0.0022,3,"0,1,2"
decoder_only,pm=20,isic2018_test,50,0.9021,0.0056,3,"0,1,2"
decoder_only,pm=20,isic2018_test,100,0.8331,0.0095,3,"0,1,2"
decoder_only,pm=20,isic2018_test,200,0.7271,0.0135,3,"0,1,2"
decoder_only,pm=20,ph2,0,0.9449,0.003,3,"0,1,2"
decoder_only,pm=20,ph2,20,0.9329,0.0066,3,"0,1,2"
decoder_only,pm=20,ph2,50,0.9019,0.0119,3,"0,1,2"
decoder_only,pm=20,ph2,100,0.8382,0.0153,3,"0,1,2"
decoder_only,pm=20,ph2,200,0.7513,0.0227,3,"0,1,2"
decoder_only,rand100,busi,0,0.8226,0.0087,3,"0,1,2"
decoder_only,rand100,busi,20,0.8168,0.0114,3,"0,1,2"
decoder_only,rand100,busi,50,0.7883,0.0112,3,"0,1,2"
decoder_only,rand100,busi,100,0.6989,0.0131,3,"0,1,2"
decoder_only,rand100,busi,200,0.5142,0.0158,3,"0,1,2"
decoder_only,rand100,cbis_ddsm,0,0.609,0.0504,3,"0,1,2"
decoder_only,rand100,cbis_ddsm,20,0.5583,0.0544,3,"0,1,2"
decoder_only,rand100,cbis_ddsm,50,0.4528,0.0493,3,"0,1,2"
decoder_only,rand100,cbis_ddsm,100,0.2764,0.0307,3,"0,1,2"
decoder_only,rand100,cbis_ddsm,200,0.1362,0.0148,3,"0,1,2"
decoder_only,rand100,isic2018_test,0,0.9377,0.0008,3,"0,1,2"
decoder_only,rand100,isic2018_test,20,0.9314,0.002,3,"0,1,2"
decoder_only,rand100,isic2018_test,50,0.9145,0.0043,3,"0,1,2"
decoder_only,rand100,isic2018_test,100,0.8761,0.0068,3,"0,1,2"
decoder_only,rand100,isic2018_test,200,0.7896,0.0099,3,"0,1,2"
decoder_only,rand100,ph2,0,0.939,0.0028,3,"0,1,2"
decoder_only,rand100,ph2,20,0.9315,0.0038,3,"0,1,2"
decoder_only,rand100,ph2,50,0.9132,0.0039,3,"0,1,2"
decoder_only,rand100,ph2,100,0.8711,0.003,3,"0,1,2"
decoder_only,rand100,ph2,200,0.7944,0.0045,3,"0,1,2"
full_ft,pm=0,busi,0,0.9007,0.0015,3,"0,1,2"
full_ft,pm=0,busi,20,0.886,0.0035,3,"0,1,2"
full_ft,pm=0,busi,50,0.8051,0.0066,3,"0,1,2"
full_ft,pm=0,busi,100,0.6722,0.0057,3,"0,1,2"
full_ft,pm=0,busi,200,0.4996,0.0043,3,"0,1,2"
full_ft,pm=0,cbis_ddsm,0,0.8285,0.001,3,"0,1,2"
full_ft,pm=0,cbis_ddsm,20,0.7438,0.0053,3,"0,1,2"
full_ft,pm=0,cbis_ddsm,50,0.5618,0.004,3,"0,1,2"
full_ft,pm=0,cbis_ddsm,100,0.3364,0.0029,3,"0,1,2"
full_ft,pm=0,cbis_ddsm,200,0.1713,0.0012,3,"0,1,2"
full_ft,pm=0,isic2018_test,0,0.961,0.0003,3,"0,1,2"
full_ft,pm=0,isic2018_test,20,0.9483,0.0007,3,"0,1,2"
full_ft,pm=0,isic2018_test,50,0.9024,0.0003,3,"0,1,2"
full_ft,pm=0,isic2018_test,100,0.8259,0.0009,3,"0,1,2"
full_ft,pm=0,isic2018_test,200,0.7115,0.0027,3,"0,1,2"
full_ft,pm=0,ph2,0,0.9583,0.0001,3,"0,1,2"
full_ft,pm=0,ph2,20,0.9385,0.0004,3,"0,1,2"
full_ft,pm=0,ph2,50,0.8981,0.0004,3,"0,1,2"
full_ft,pm=0,ph2,100,0.832,0.0017,3,"0,1,2"
full_ft,pm=0,ph2,200,0.7434,0.0042,3,"0,1,2"
full_ft,pm=20,busi,0,0.8996,0.0053,3,"0,1,2"
full_ft,pm=20,busi,20,0.8889,0.0025,3,"0,1,2"
full_ft,pm=20,busi,50,0.8236,0.0125,3,"0,1,2"
full_ft,pm=20,busi,100,0.6902,0.0158,3,"0,1,2"
full_ft,pm=20,busi,200,0.5096,0.0156,3,"0,1,2"
full_ft,pm=20,cbis_ddsm,0,0.8051,0.0058,3,"0,1,2"
full_ft,pm=20,cbis_ddsm,20,0.7398,0.0037,3,"0,1,2"
full_ft,pm=20,cbis_ddsm,50,0.5705,0.0093,3,"0,1,2"
full_ft,pm=20,cbis_ddsm,100,0.3414,0.0073,3,"0,1,2"
full_ft,pm=20,cbis_ddsm,200,0.1714,0.0028,3,"0,1,2"
full_ft,pm=20,isic2018_test,0,0.9556,0.0012,3,"0,1,2"
full_ft,pm=20,isic2018_test,20,0.9438,0.0036,3,"0,1,2"
full_ft,pm=20,isic2018_test,50,0.905,0.0082,3,"0,1,2"
full_ft,pm=20,isic2018_test,100,0.8314,0.011,3,"0,1,2"
full_ft,pm=20,isic2018_test,200,0.7201,0.0091,3,"0,1,2"
full_ft,pm=20,ph2,0,0.9537,0.0008,3,"0,1,2"
full_ft,pm=20,ph2,20,0.9398,0.0027,3,"0,1,2"
full_ft,pm=20,ph2,50,0.9044,0.0073,3,"0,1,2"
full_ft,pm=20,ph2,100,0.84,0.0087,3,"0,1,2"
full_ft,pm=20,ph2,200,0.7516,0.0067,3,"0,1,2"
full_ft,rand100,busi,0,0.8762,0.0152,3,"0,1,2"
full_ft,rand100,busi,20,0.8712,0.0132,3,"0,1,2"
full_ft,rand100,busi,50,0.8424,0.0096,3,"0,1,2"
full_ft,rand100,busi,100,0.7422,0.0198,3,"0,1,2"
full_ft,rand100,busi,200,0.5445,0.0269,3,"0,1,2"
full_ft,rand100,cbis_ddsm,0,0.698,0.0256,3,"0,1,2"
full_ft,rand100,cbis_ddsm,20,0.6497,0.0151,3,"0,1,2"
full_ft,rand100,cbis_ddsm,50,0.538,0.0123,3,"0,1,2"
full_ft,rand100,cbis_ddsm,100,0.3353,0.0099,3,"0,1,2"
full_ft,rand100,cbis_ddsm,200,0.1575,0.0117,3,"0,1,2"
full_ft,rand100,isic2018_test,0,0.9445,0.0038,3,"0,1,2"
full_ft,rand100,isic2018_test,20,0.9394,0.0028,3,"0,1,2"
full_ft,rand100,isic2018_test,50,0.9268,0.0032,3,"0,1,2"
full_ft,rand100,isic2018_test,100,0.8979,0.0071,3,"0,1,2"
full_ft,rand100,isic2018_test,200,0.8393,0.0231,3,"0,1,2"
full_ft,rand100,ph2,0,0.9452,0.0043,3,"0,1,2"
full_ft,rand100,ph2,20,0.9396,0.0034,3,"0,1,2"
full_ft,rand100,ph2,50,0.929,0.0034,3,"0,1,2"
full_ft,rand100,ph2,100,0.9015,0.0077,3,"0,1,2"
full_ft,rand100,ph2,200,0.8633,0.0224,3,"0,1,2"
lora,pm=0,busi,0,0.7801,0.0024,3,"0,1,2"
lora,pm=0,busi,20,0.754,0.0022,3,"0,1,2"
lora,pm=0,busi,50,0.6975,0.0018,3,"0,1,2"
lora,pm=0,busi,100,0.6186,0.0036,3,"0,1,2"
lora,pm=0,busi,200,0.4903,0.0056,3,"0,1,2"
lora,pm=0,cbis_ddsm,0,0.5094,0.0101,3,"0,1,2"
lora,pm=0,cbis_ddsm,20,0.4782,0.0155,3,"0,1,2"
lora,pm=0,cbis_ddsm,50,0.3883,0.0132,3,"0,1,2"
lora,pm=0,cbis_ddsm,100,0.2703,0.0138,3,"0,1,2"
lora,pm=0,cbis_ddsm,200,0.1467,0.004,3,"0,1,2"
lora,pm=0,isic2018_test,0,0.9556,0.001,3,"0,1,2"
lora,pm=0,isic2018_test,20,0.9416,0.0017,3,"0,1,2"
lora,pm=0,isic2018_test,50,0.904,0.0038,3,"0,1,2"
lora,pm=0,isic2018_test,100,0.8522,0.0075,3,"0,1,2"
lora,pm=0,isic2018_test,200,0.7867,0.0123,3,"0,1,2"
lora,pm=0,ph2,0,0.957,0.0013,3,"0,1,2"
lora,pm=0,ph2,20,0.9384,0.0014,3,"0,1,2"
lora,pm=0,ph2,50,0.9045,0.0039,3,"0,1,2"
lora,pm=0,ph2,100,0.86,0.009,3,"0,1,2"
lora,pm=0,ph2,200,0.8197,0.0145,3,"0,1,2"
lora,pm=20,busi,0,0.7745,0.032,3,"0,1,2"
lora,pm=20,busi,20,0.7586,0.0338,3,"0,1,2"
lora,pm=20,busi,50,0.7162,0.0347,3,"0,1,2"
lora,pm=20,busi,100,0.6347,0.0299,3,"0,1,2"
lora,pm=20,busi,200,0.501,0.0169,3,"0,1,2"
lora,pm=20,cbis_ddsm,0,0.437,0.0949,3,"0,1,2"
lora,pm=20,cbis_ddsm,20,0.4193,0.0825,3,"0,1,2"
lora,pm=20,cbis_ddsm,50,0.358,0.0616,3,"0,1,2"
lora,pm=20,cbis_ddsm,100,0.2472,0.0294,3,"0,1,2"
lora,pm=20,cbis_ddsm,200,0.1327,0.0082,3,"0,1,2"
lora,pm=20,isic2018_test,0,0.9492,0.0016,3,"0,1,2"
lora,pm=20,isic2018_test,20,0.9392,0.0008,3,"0,1,2"
lora,pm=20,isic2018_test,50,0.9114,0.0045,3,"0,1,2"
lora,pm=20,isic2018_test,100,0.8629,0.0092,3,"0,1,2"
lora,pm=20,isic2018_test,200,0.7974,0.0154,3,"0,1,2"
lora,pm=20,ph2,0,0.9511,0.0011,3,"0,1,2"
lora,pm=20,ph2,20,0.9379,0.0028,3,"0,1,2"
lora,pm=20,ph2,50,0.9128,0.0061,3,"0,1,2"
lora,pm=20,ph2,100,0.8717,0.0086,3,"0,1,2"
lora,pm=20,ph2,200,0.8338,0.008,3,"0,1,2"
lora,rand100,busi,0,0.7467,0.0318,3,"0,1,2"
lora,rand100,busi,20,0.7396,0.036,3,"0,1,2"
lora,rand100,busi,50,0.7155,0.0404,3,"0,1,2"
lora,rand100,busi,100,0.6542,0.0446,3,"0,1,2"
lora,rand100,busi,200,0.4965,0.0323,3,"0,1,2"
lora,rand100,cbis_ddsm,0,0.2143,0.0343,3,"0,1,2"
lora,rand100,cbis_ddsm,20,0.2244,0.0203,3,"0,1,2"
lora,rand100,cbis_ddsm,50,0.2146,0.0202,3,"0,1,2"
lora,rand100,cbis_ddsm,100,0.1676,0.0301,3,"0,1,2"
lora,rand100,cbis_ddsm,200,0.0949,0.0198,3,"0,1,2"
lora,rand100,isic2018_test,0,0.9411,0.0023,3,"0,1,2"
lora,rand100,isic2018_test,20,0.9366,0.0039,3,"0,1,2"
lora,rand100,isic2018_test,50,0.9256,0.0057,3,"0,1,2"
lora,rand100,isic2018_test,100,0.9018,0.0058,3,"0,1,2"
lora,rand100,isic2018_test,200,0.8478,0.0016,3,"0,1,2"
lora,rand100,ph2,0,0.9496,0.0038,3,"0,1,2"
lora,rand100,ph2,20,0.9442,0.0051,3,"0,1,2"
lora,rand100,ph2,50,0.9329,0.0057,3,"0,1,2"
lora,rand100,ph2,100,0.9096,0.0047,3,"0,1,2"
lora,rand100,ph2,200,0.8769,0.004,3,"0,1,2"
vpt_deep,pm=0,busi,0,0.8017,0.0046,3,"0,1,2"
vpt_deep,pm=0,busi,20,0.7842,0.007,3,"0,1,2"
vpt_deep,pm=0,busi,50,0.7243,0.0104,3,"0,1,2"
vpt_deep,pm=0,busi,100,0.6288,0.014,3,"0,1,2"
vpt_deep,pm=0,busi,200,0.4824,0.0128,3,"0,1,2"
vpt_deep,pm=0,cbis_ddsm,0,0.5725,0.009,3,"0,1,2"
vpt_deep,pm=0,cbis_ddsm,20,0.5102,0.0109,3,"0,1,2"
vpt_deep,pm=0,cbis_ddsm,50,0.3904,0.006,3,"0,1,2"
vpt_deep,pm=0,cbis_ddsm,100,0.2582,0.0054,3,"0,1,2"
vpt_deep,pm=0,cbis_ddsm,200,0.1368,0.004,3,"0,1,2"
vpt_deep,pm=0,isic2018_test,0,0.947,0.0002,3,"0,1,2"
vpt_deep,pm=0,isic2018_test,20,0.9343,0.0013,3,"0,1,2"
vpt_deep,pm=0,isic2018_test,50,0.8944,0.0013,3,"0,1,2"
vpt_deep,pm=0,isic2018_test,100,0.8281,0.0022,3,"0,1,2"
vpt_deep,pm=0,isic2018_test,200,0.7251,0.0013,3,"0,1,2"
vpt_deep,pm=0,ph2,0,0.9456,0.0002,3,"0,1,2"
vpt_deep,pm=0,ph2,20,0.9315,0.0005,3,"0,1,2"
vpt_deep,pm=0,ph2,50,0.8961,0.0019,3,"0,1,2"
vpt_deep,pm=0,ph2,100,0.8324,0.0036,3,"0,1,2"
vpt_deep,pm=0,ph2,200,0.7425,0.0049,3,"0,1,2"
vpt_deep,pm=20,busi,0,0.7702,0.0376,3,"0,1,2"
vpt_deep,pm=20,busi,20,0.7624,0.0344,3,"0,1,2"
vpt_deep,pm=20,busi,50,0.7224,0.0248,3,"0,1,2"
vpt_deep,pm=20,busi,100,0.636,0.0111,3,"0,1,2"
vpt_deep,pm=20,busi,200,0.4853,0.0052,3,"0,1,2"
vpt_deep,pm=20,cbis_ddsm,0,0.5117,0.0581,3,"0,1,2"
vpt_deep,pm=20,cbis_ddsm,20,0.481,0.0364,3,"0,1,2"
vpt_deep,pm=20,cbis_ddsm,50,0.391,0.0152,3,"0,1,2"
vpt_deep,pm=20,cbis_ddsm,100,0.2603,0.0054,3,"0,1,2"
vpt_deep,pm=20,cbis_ddsm,200,0.1369,0.0015,3,"0,1,2"
vpt_deep,pm=20,isic2018_test,0,0.9432,0.0012,3,"0,1,2"
vpt_deep,pm=20,isic2018_test,20,0.9324,0.0006,3,"0,1,2"
vpt_deep,pm=20,isic2018_test,50,0.9014,0.0021,3,"0,1,2"
vpt_deep,pm=20,isic2018_test,100,0.8407,0.0053,3,"0,1,2"
vpt_deep,pm=20,isic2018_test,200,0.738,0.0089,3,"0,1,2"
vpt_deep,pm=20,ph2,0,0.9428,0.0018,3,"0,1,2"
vpt_deep,pm=20,ph2,20,0.9308,0.0017,3,"0,1,2"
vpt_deep,pm=20,ph2,50,0.9022,0.0036,3,"0,1,2"
vpt_deep,pm=20,ph2,100,0.8431,0.0057,3,"0,1,2"
vpt_deep,pm=20,ph2,200,0.7533,0.0059,3,"0,1,2"
vpt_deep,rand100,busi,0,0.736,0.0243,3,"0,1,2"
vpt_deep,rand100,busi,20,0.7291,0.0223,3,"0,1,2"
vpt_deep,rand100,busi,50,0.7019,0.0193,3,"0,1,2"
vpt_deep,rand100,busi,100,0.6343,0.0077,3,"0,1,2"
vpt_deep,rand100,busi,200,0.4751,0.0013,3,"0,1,2"
vpt_deep,rand100,cbis_ddsm,0,0.3518,0.0543,3,"0,1,2"
vpt_deep,rand100,cbis_ddsm,20,0.3349,0.0502,3,"0,1,2"
vpt_deep,rand100,cbis_ddsm,50,0.2903,0.0435,3,"0,1,2"
vpt_deep,rand100,cbis_ddsm,100,0.2053,0.0243,3,"0,1,2"
vpt_deep,rand100,cbis_ddsm,200,0.1091,0.0138,3,"0,1,2"
vpt_deep,rand100,isic2018_test,0,0.9343,0.0012,3,"0,1,2"
vpt_deep,rand100,isic2018_test,20,0.9279,0.0012,3,"0,1,2"
vpt_deep,rand100,isic2018_test,50,0.9121,0.0017,3,"0,1,2"
vpt_deep,rand100,isic2018_test,100,0.8766,0.0025,3,"0,1,2"
vpt_deep,rand100,isic2018_test,200,0.7946,0.0055,3,"0,1,2"
vpt_deep,rand100,ph2,0,0.9379,0.0029,3,"0,1,2"
vpt_deep,rand100,ph2,20,0.9314,0.0039,3,"0,1,2"
vpt_deep,rand100,ph2,50,0.9161,0.0044,3,"0,1,2"
vpt_deep,rand100,ph2,100,0.8766,0.0045,3,"0,1,2"
vpt_deep,rand100,ph2,200,0.7988,0.0086,3,"0,1,2"
vpt_shallow,pm=0,busi,0,0.7921,0.0166,3,"0,1,2"
vpt_shallow,pm=0,busi,20,0.7758,0.0157,3,"0,1,2"
vpt_shallow,pm=0,busi,50,0.719,0.0117,3,"0,1,2"
vpt_shallow,pm=0,busi,100,0.6315,0.0069,3,"0,1,2"
vpt_shallow,pm=0,busi,200,0.4868,0.002,3,"0,1,2"
vpt_shallow,pm=0,cbis_ddsm,0,0.5662,0.0629,3,"0,1,2"
vpt_shallow,pm=0,cbis_ddsm,20,0.5199,0.0498,3,"0,1,2"
vpt_shallow,pm=0,cbis_ddsm,50,0.3961,0.038,3,"0,1,2"
vpt_shallow,pm=0,cbis_ddsm,100,0.2565,0.0222,3,"0,1,2"
vpt_shallow,pm=0,cbis_ddsm,200,0.1374,0.0084,3,"0,1,2"
vpt_shallow,pm=0,isic2018_test,0,0.9449,0.0007,3,"0,1,2"
vpt_shallow,pm=0,isic2018_test,20,0.9327,0.0017,3,"0,1,2"
vpt_shallow,pm=0,isic2018_test,50,0.8952,0.0034,3,"0,1,2"
vpt_shallow,pm=0,isic2018_test,100,0.8335,0.0056,3,"0,1,2"
vpt_shallow,pm=0,isic2018_test,200,0.7352,0.0104,3,"0,1,2"
vpt_shallow,pm=0,ph2,0,0.9433,0.0005,3,"0,1,2"
vpt_shallow,pm=0,ph2,20,0.9298,0.0017,3,"0,1,2"
vpt_shallow,pm=0,ph2,50,0.8976,0.0053,3,"0,1,2"
vpt_shallow,pm=0,ph2,100,0.836,0.0078,3,"0,1,2"
vpt_shallow,pm=0,ph2,200,0.7542,0.0132,3,"0,1,2"
vpt_shallow,pm=20,busi,0,0.7623,0.032,3,"0,1,2"
vpt_shallow,pm=20,busi,20,0.7509,0.0301,3,"0,1,2"
vpt_shallow,pm=20,busi,50,0.7091,0.0267,3,"0,1,2"
vpt_shallow,pm=20,busi,100,0.6261,0.0215,3,"0,1,2"
vpt_shallow,pm=20,busi,200,0.479,0.0146,3,"0,1,2"
vpt_shallow,pm=20,cbis_ddsm,0,0.4555,0.0415,3,"0,1,2"
vpt_shallow,pm=20,cbis_ddsm,20,0.4369,0.0406,3,"0,1,2"
vpt_shallow,pm=20,cbis_ddsm,50,0.3532,0.023,3,"0,1,2"
vpt_shallow,pm=20,cbis_ddsm,100,0.238,0.0078,3,"0,1,2"
vpt_shallow,pm=20,cbis_ddsm,200,0.1313,0.0038,3,"0,1,2"
vpt_shallow,pm=20,isic2018_test,0,0.9428,0.0003,3,"0,1,2"
vpt_shallow,pm=20,isic2018_test,20,0.9326,0.0005,3,"0,1,2"
vpt_shallow,pm=20,isic2018_test,50,0.9042,0.0003,3,"0,1,2"
vpt_shallow,pm=20,isic2018_test,100,0.8476,0.0012,3,"0,1,2"
vpt_shallow,pm=20,isic2018_test,200,0.7478,0.0034,3,"0,1,2"
vpt_shallow,pm=20,ph2,0,0.9426,0.0005,3,"0,1,2"
vpt_shallow,pm=20,ph2,20,0.931,0.0006,3,"0,1,2"
vpt_shallow,pm=20,ph2,50,0.904,0.0013,3,"0,1,2"
vpt_shallow,pm=20,ph2,100,0.8482,0.004,3,"0,1,2"
vpt_shallow,pm=20,ph2,200,0.7591,0.0065,3,"0,1,2"
vpt_shallow,rand100,busi,0,0.6945,0.0211,3,"0,1,2"
vpt_shallow,rand100,busi,20,0.6865,0.0203,3,"0,1,2"
vpt_shallow,rand100,busi,50,0.6652,0.0191,3,"0,1,2"
vpt_shallow,rand100,busi,100,0.6105,0.0245,3,"0,1,2"
vpt_shallow,rand100,busi,200,0.4725,0.0223,3,"0,1,2"
vpt_shallow,rand100,cbis_ddsm,0,0.2759,0.0383,3,"0,1,2"
vpt_shallow,rand100,cbis_ddsm,20,0.2804,0.0217,3,"0,1,2"
vpt_shallow,rand100,cbis_ddsm,50,0.2574,0.0133,3,"0,1,2"
vpt_shallow,rand100,cbis_ddsm,100,0.1956,0.014,3,"0,1,2"
vpt_shallow,rand100,cbis_ddsm,200,0.1132,0.0061,3,"0,1,2"
vpt_shallow,rand100,isic2018_test,0,0.9303,0.0032,3,"0,1,2"
vpt_shallow,rand100,isic2018_test,20,0.9232,0.0049,3,"0,1,2"
vpt_shallow,rand100,isic2018_test,50,0.9075,0.0071,3,"0,1,2"
vpt_shallow,rand100,isic2018_test,100,0.8725,0.0096,3,"0,1,2"
vpt_shallow,rand100,isic2018_test,200,0.7896,0.0138,3,"0,1,2"
vpt_shallow,rand100,ph2,0,0.9359,0.0033,3,"0,1,2"
vpt_shallow,rand100,ph2,20,0.9286,0.005,3,"0,1,2"
vpt_shallow,rand100,ph2,50,0.9125,0.0071,3,"0,1,2"
vpt_shallow,rand100,ph2,100,0.8736,0.0101,3,"0,1,2"
vpt_shallow,rand100,ph2,200,0.799,0.011,3,"0,1,2"
zero_shot,pm=0,busi,0,0.8234,0.0,3,"0,1,2"
zero_shot,pm=0,busi,20,0.8504,0.0,3,"0,1,2"
zero_shot,pm=0,busi,50,0.8384,0.0,3,"0,1,2"
zero_shot,pm=0,busi,100,0.7579,0.0,3,"0,1,2"
zero_shot,pm=0,busi,200,0.6017,0.0,3,"0,1,2"
zero_shot,pm=0,cbis_ddsm,0,0.6924,0.0,3,"0,1,2"
zero_shot,pm=0,cbis_ddsm,20,0.7483,0.0,3,"0,1,2"
zero_shot,pm=0,cbis_ddsm,50,0.657,0.0,3,"0,1,2"
zero_shot,pm=0,cbis_ddsm,100,0.3905,0.0,3,"0,1,2"
zero_shot,pm=0,cbis_ddsm,200,0.1889,0.0,3,"0,1,2"
zero_shot,pm=0,isic2018_test,0,0.9072,0.0,3,"0,1,2"
zero_shot,pm=0,isic2018_test,20,0.9206,0.0,3,"0,1,2"
zero_shot,pm=0,isic2018_test,50,0.9144,0.0,3,"0,1,2"
zero_shot,pm=0,isic2018_test,100,0.8708,0.0,3,"0,1,2"
zero_shot,pm=0,isic2018_test,200,0.7673,0.0,3,"0,1,2"
zero_shot,pm=0,ph2,0,0.9054,0.0,3,"0,1,2"
zero_shot,pm=0,ph2,20,0.915,0.0,3,"0,1,2"
zero_shot,pm=0,ph2,50,0.9107,0.0,3,"0,1,2"
zero_shot,pm=0,ph2,100,0.8756,0.0,3,"0,1,2"
zero_shot,pm=0,ph2,200,0.7986,0.0,3,"0,1,2"
zero_shot,pm=20,busi,0,0.8234,0.0,3,"0,1,2"
zero_shot,pm=20,busi,20,0.8504,0.0,3,"0,1,2"
zero_shot,pm=20,busi,50,0.8384,0.0,3,"0,1,2"
zero_shot,pm=20,busi,100,0.7579,0.0,3,"0,1,2"
zero_shot,pm=20,busi,200,0.6017,0.0,3,"0,1,2"
zero_shot,pm=20,cbis_ddsm,0,0.6924,0.0,3,"0,1,2"
zero_shot,pm=20,cbis_ddsm,20,0.7483,0.0,3,"0,1,2"
zero_shot,pm=20,cbis_ddsm,50,0.657,0.0,3,"0,1,2"
zero_shot,pm=20,cbis_ddsm,100,0.3905,0.0,3,"0,1,2"
zero_shot,pm=20,cbis_ddsm,200,0.1889,0.0,3,"0,1,2"
zero_shot,pm=20,isic2018_test,0,0.9072,0.0,3,"0,1,2"
zero_shot,pm=20,isic2018_test,20,0.9206,0.0,3,"0,1,2"
zero_shot,pm=20,isic2018_test,50,0.9144,0.0,3,"0,1,2"
zero_shot,pm=20,isic2018_test,100,0.8708,0.0,3,"0,1,2"
zero_shot,pm=20,isic2018_test,200,0.7673,0.0,3,"0,1,2"
zero_shot,pm=20,ph2,0,0.9054,0.0,3,"0,1,2"
zero_shot,pm=20,ph2,20,0.915,0.0,3,"0,1,2"
zero_shot,pm=20,ph2,50,0.9107,0.0,3,"0,1,2"
zero_shot,pm=20,ph2,100,0.8756,0.0,3,"0,1,2"
zero_shot,pm=20,ph2,200,0.7986,0.0,3,"0,1,2"
zero_shot,rand100,busi,0,0.8234,0.0,3,"0,1,2"
zero_shot,rand100,busi,20,0.8504,0.0,3,"0,1,2"
zero_shot,rand100,busi,50,0.8384,0.0,3,"0,1,2"
zero_shot,rand100,busi,100,0.7579,0.0,3,"0,1,2"
zero_shot,rand100,busi,200,0.6017,0.0,3,"0,1,2"
zero_shot,rand100,cbis_ddsm,0,0.6924,0.0,3,"0,1,2"
zero_shot,rand100,cbis_ddsm,20,0.7483,0.0,3,"0,1,2"
zero_shot,rand100,cbis_ddsm,50,0.657,0.0,3,"0,1,2"
zero_shot,rand100,cbis_ddsm,100,0.3905,0.0,3,"0,1,2"
zero_shot,rand100,cbis_ddsm,200,0.1889,0.0,3,"0,1,2"
zero_shot,rand100,isic2018_test,0,0.9072,0.0,3,"0,1,2"
zero_shot,rand100,isic2018_test,20,0.9206,0.0,3,"0,1,2"
zero_shot,rand100,isic2018_test,50,0.9144,0.0,3,"0,1,2"
zero_shot,rand100,isic2018_test,100,0.8708,0.0,3,"0,1,2"
zero_shot,rand100,isic2018_test,200,0.7673,0.0,3,"0,1,2"
zero_shot,rand100,ph2,0,0.9054,0.0,3,"0,1,2"
zero_shot,rand100,ph2,20,0.915,0.0,3,"0,1,2"
zero_shot,rand100,ph2,50,0.9107,0.0,3,"0,1,2"
zero_shot,rand100,ph2,100,0.8756,0.0,3,"0,1,2"
zero_shot,rand100,ph2,200,0.7986,0.0,3,"0,1,2"
