image_id,dice,iou,hd95,iou_pred
benign_benign (1),0.6221822933990377,0.45157083586821917,464.1722717285156,0.4920022189617157
benign_benign (10),0.9389549383632942,0.8849340827387183,2.0,0.5628910064697266
benign_benign (100),0.3978196593048127,0.24829892690800107,497.8513488769531,0.5755984783172607
benign_benign (101),0.843836989203768,0.7298598738513093,435.0,0.5068743824958801
benign_benign (102),0.7238641343524702,0.5672312438208809,387.0,0.5530377626419067
benign_benign (103),0.9112758885199093,0.8370126820115111,9.486832618713379,0.5652768015861511
benign_benign (104),0.6071796987962595,0.43593541700311383,786.015625,0.5168257355690002
benign_benign (105),0.7595629602328656,0.6123349560602271,409.2825012207031,0.5475253462791443
benign_benign (106),0.6357826470275189,0.4660420464896028,441.7060546875,0.5542066097259521
benign_benign (107),0.8989854626927185,0.8165064422267938,5.0,0.5625559091567993
benign_benign (108),0.40462628164343106,0.25362476327265027,647.40869140625,0.5211313962936401
benign_benign (109),0.9517609160555491,0.9079616765237889,0.0,0.562425971031189
benign_benign (11),0.6186193793781748,0.4478268843345107,409.0,0.48326656222343445
benign_benign (110),0.847355368034043,0.7351401676938496,389.9677429199219,0.5435323119163513
benign_benign (111),0.5295988658548938,0.3601730531678573,444.7047424316406,0.510198712348938
benign_benign (112),0.32446054926813894,0.19364542514197555,472.75146484375,0.5623799562454224
benign_benign (113),0.7805364404150322,0.6400654076815534,428.0572509765625,0.5202315449714661
benign_benign (114),0.6445224012109511,0.47549469042563114,389.005126953125,0.6082677841186523
benign_benign (115),0.9088817303293579,0.8329818642011292,3.605551242828369,0.5631115436553955
benign_benign (116),0.07150179240295577,0.03707641113023875,771.909912109375,0.5369172692298889
benign_benign (117),0.8639583413128622,0.7604988203653354,376.35504150390625,0.5096253156661987
benign_benign (118),0.43925012489891346,0.28143530998515104,423.0,0.5575754642486572
benign_benign (119),0.5255520647441279,0.35643989332690196,433.2955017089844,0.5415223836898804
benign_benign (12),0.45203296146183214,0.2920171749346295,431.0,0.5328565239906311
benign_benign (120),0.15394759336848404,0.08339286189159476,549.7222290039062,0.5479529500007629
benign_benign (121),0.715243168931816,0.5567148207656941,84.89994049072266,0.5896874070167542
benign_benign (122),0.6951955893975428,0.5327967806935051,383.0,0.5728540420532227
benign_benign (123),0.7698513074703821,0.6258197176878313,411.0596008300781,0.5271399617195129
benign_benign (124),0.6571206731612445,0.4893370983060552,439.0,0.5721081495285034
benign_benign (125),0.5181942417826374,0.349704567500869,444.5845031738281,0.5617018938064575
benign_benign (126),0.6179708123818805,0.44714743938273877,446.5378723144531,0.559939980506897
benign_benign (127),0.4724452983610593,0.30928208192067463,450.13751220703125,0.5322343111038208
benign_benign (128),0.5298212140567836,0.3603787642250384,437.998779296875,0.5629910826683044
benign_benign (129),0.19684342714198266,0.10916602036191483,508.0,0.537373423576355
benign_benign (13),0.8439667569904359,0.7300540551879882,417.96771240234375,0.5540171265602112
benign_benign (130),0.7927818082072196,0.6567013433025093,397.8531188964844,0.5559899806976318
benign_benign (131),0.9334845418383462,0.8752658338844947,4.0,0.557805061340332
benign_benign (132),0.7149999279652629,0.5564201462179571,445.53729248046875,0.5214248299598694
benign_benign (133),0.5528514568847309,0.3820281335552371,447.0548095703125,0.5502192378044128
benign_benign (134),0.2748590351848973,0.15932555124670428,703.00341796875,0.5169605016708374
benign_benign (135),0.5434511896870864,0.37310880750869285,461.10430908203125,0.5306977033615112
benign_benign (136),0.7978542830143974,0.6636918234998881,395.2166442871094,0.5765604972839355
benign_benign (137),0.5255432436419312,0.3564317782728749,438.39935302734375,0.5572535991668701
benign_benign (138),0.2371332859801763,0.13451572039806187,627.1119995117188,0.5150484442710876
benign_benign (139),0.6803292930155105,0.5155295858419892,669.0,0.5073647499084473
benign_benign (14),0.6945299550173298,0.5320152367344452,219.64642333984375,0.5115500688552856
benign_benign (140),0.9465216066255484,0.8984727286090237,1.0,0.5450500249862671
benign_benign (141),0.9063458464325308,0.8287316822015591,15.132745742797852,0.5561110377311707
benign_benign (142),0.4339802460701356,0.277123098221933,443.024658203125,0.5390096306800842
benign_benign (143),0.6343571716916754,0.4645117731906058,43.0,0.4912225902080536
benign_benign (144),0.0006663455046411579,0.0003332837956504966,672.6310424804688,0.5397411584854126
benign_benign (145),0.9140129763612993,0.8416426315139109,3.605551242828369,0.5695643424987793
benign_benign (146),0.16610564688320215,0.09057536308775362,519.0,0.5447131991386414
benign_benign (147),0.29497720911496617,0.17300484820732034,504.5298767089844,0.5888324975967407
benign_benign (148),0.7979640482481319,0.6638437453457009,407.0,0.5536871552467346
benign_benign (149),0.7306603250765258,0.5756223802937949,412.6640625,0.5585254430770874
benign_benign (15),0.5373436117927036,0.3673751512282973,230.86793518066406,0.5590436458587646
benign_benign (150),0.7351611492099197,0.5812291018585001,25.0,0.5035927891731262
benign_benign (151),0.681051175669589,0.5163590604316659,452.0,0.4715482294559479
benign_benign (152),0.907387044883973,0.8304743602348672,16.6433162689209,0.5551169514656067
benign_benign (153),0.6526154015229917,0.48435717781616777,81.93350982666016,0.5151263475418091
benign_benign (154),0.7752053078562053,0.6329267369018163,456.0,0.5161002278327942
benign_benign (155),0.9668210565410948,0.9357730939662532,0.0,0.56055748462677
benign_benign (156),0.7572482975215665,0.6093319333374022,411.9511413574219,0.5433436036109924
benign_benign (157),0.6912511908566906,0.5281771307306258,658.0,0.5217121243476868
benign_benign (158),0.8480266863064098,0.736151329398582,395.0,0.5396104454994202
benign_benign (159),0.878606022326879,0.7834945075783031,5.0,0.5213291049003601
benign_benign (16),0.7173875729609772,0.5593174975202866,446.0,0.4752770662307739
benign_benign (160),0.28030814127931486,0.16299905117942123,496.1402893066406,0.5932958722114563
benign_benign (161),0.7342304738459869,0.5800664802627518,687.0,0.49229928851127625
benign_benign (162),0.7418255075358883,0.5896046311627535,26.305892944335938,0.5349857211112976
benign_benign (163),0.11862450108002072,0.06305200697780515,476.0,0.6011081337928772
benign_benign (164),0.7475762131262844,0.5969035568969575,425.7203063964844,0.5920888781547546
benign_benign (165),0.7273805601497607,0.5715617233252318,260.0,0.5053836703300476
benign_benign (166),0.7187229541392209,0.5609426598838716,461.79669189453125,0.4979529082775116
benign_benign (167),0.6790881192576689,0.5141055426754008,452.6471252441406,0.5589028000831604
benign_benign (168),0.9510058622992282,0.9065883479430915,0.0,0.5750012397766113
benign_benign (169),0.3275838182554868,0.19587458065709007,473.6401062011719,0.5552034974098206
benign_benign (17),0.7701058558168616,0.6261562098383295,467.0,0.4783995449542999
benign_benign (170),0.8304896142447524,0.710117348561109,353.0486755371094,0.5271469354629517
benign_benign (171),0.34402960942383737,0.20775106331014015,652.0,0.44612690806388855
benign_benign (172),0.7397814396177579,0.587026300739331,424.2852783203125,0.5684833526611328
benign_benign (173),0.43516300082749204,0.2780883894355174,717.4475708007812,0.5728821158409119
benign_benign (174),0.9589754352303623,0.9211842522111495,0.0,0.5608366131782532
benign_benign (175),0.9289263029285766,0.8672851415077037,3.1622776985168457,0.565413236618042
benign_benign (176),0.68794572505441,0.5243271853945554,452.0,0.5487847924232483
benign_benign (177),0.21637900156259365,0.12131445063935448,543.9215087890625,0.5803239941596985
benign_benign (178),0.9549552996393685,0.9137937346702734,0.0,0.5465512871742249
benign_benign (179),0.09366151678207531,0.049131629885131936,743.7548828125,0.5513070821762085
benign_benign (18),0.9292056394581165,0.8677722573998118,6.0,0.5302737355232239
benign_benign (180),0.8989161457530263,0.8163920870232049,355.0,0.5749837160110474
benign_benign (181),0.9167482324382966,0.8462928562790626,5.385164737701416,0.5417044162750244
benign_benign (182),0.7375834199759354,0.5842630963986685,435.0,0.5094003081321716
benign_benign (183),0.32065162195932134,0.19093811990926174,437.0,0.5497475862503052
benign_benign (184),0.6572182394166768,0.48944531323743024,454.85162353515625,0.5631237626075745
benign_benign (185),0.4219208450341683,0.26736355000341433,441.8301086425781,0.5597235560417175
benign_benign (186),0.9612522545122415,0.9253952739616467,0.0,0.5437285304069519
benign_benign (187),0.6273046619241609,0.4569875372449762,428.27117919921875,0.5494866967201233
benign_benign (188),0.9184966212022238,0.8492776252103763,14.422204971313477,0.528404951095581
benign_benign (189),0.5490161885793875,0.37837513022280367,470.0,0.5330645442008972
benign_benign (19),0.714843750019891,0.5562310030876866,31.0,0.504421055316925
benign_benign (190),0.9257319626599539,0.8617327617349679,5.0,0.5548680424690247
benign_benign (191),0.4442953634189048,0.2855910774979793,465.71221923828125,0.5633651614189148
benign_benign (192),0.7629153867663525,0.6167042889465756,405.146728515625,0.49443185329437256
benign_benign (193),0.6478932753939426,0.47917317739724213,411.4215393066406,0.5077645778656006
benign_benign (194),0.6984350807385198,0.5366117897071352,611.1904296875,0.46525153517723083
benign_benign (195),0.887896669145318,0.7983940381359986,19.10497283935547,0.5455793738365173
benign_benign (196),0.32111250167992045,0.19126505022269152,774.2078857421875,0.5593335032463074
benign_benign (197),0.6111339210334227,0.44002364972559305,459.54437255859375,0.5546781420707703
benign_benign (198),0.9416083848347366,0.8896597170114984,2.0,0.5496594905853271
benign_benign (199),0.8477113304663917,0.7356761833041636,21.840330123901367,0.594133734703064
benign_benign (2),0.9167714485309357,0.8463324266052357,4.0,0.5647048354148865
benign_benign (20),0.7393279630979107,0.5864554312779956,428.0,0.5328372716903687
benign_benign (200),0.8616887133210712,0.7569886404587226,378.14715576171875,0.5520253777503967
benign_benign (201),0.5946592621097886,0.42314240673834697,41.761226654052734,0.5715877413749695
benign_benign (202),0.33418580087468214,0.2006140907385571,491.8584899902344,0.5262178778648376
benign_benign (203),0.6995688516734448,0.5379514729214198,415.0,0.60428786277771
benign_benign (204),0.5767742211418537,0.4052584134674954,434.6584777832031,0.6008660793304443
benign_benign (205),0.8437600788002114,0.7297448075700941,24.041629791259766,0.5421335101127625
benign_benign (206),0.6132848306403272,0.4422572451756927,424.605224609375,0.5984265208244324
benign_benign (207),0.7089503080060964,0.5491270494112352,44.29446792602539,0.5233942866325378
benign_benign (208),0.5273290445668971,0.3580766244059644,456.8764343261719,0.5499346852302551
benign_benign (209),0.6255524212549889,0.4551300689347324,443.3840026855469,0.5493979454040527
benign_benign (21),0.8726807421699133,0.7741203178439665,5.49368143081665,0.5317275524139404
benign_benign (210),0.8135418052338989,0.6856893979276605,73.96048736572266,0.5887395739555359
benign_benign (211),0.5384699164547234,0.36842889689849406,461.0,0.5170971155166626
benign_benign (212),0.6563328769631663,0.4884638953450252,442.0,0.5851467847824097
benign_benign (213),0.6733956038879744,0.5076084519741676,424.89788818359375,0.5397310256958008
benign_benign (214),0.5894744745572024,0.4179112422480083,492.6469421386719,0.5288787484169006
benign_benign (215),0.599895698225534,0.4284650061233866,693.2440795898438,0.566999077796936
benign_benign (216),0.6904805986747822,0.5272778684904154,633.4800415039062,0.531808614730835
benign_benign (217),0.6574638474403892,0.48971779731135145,436.0286560058594,0.5704848170280457
benign_benign (218),0.7970838816935752,0.6626263207919694,381.0,0.5653479695320129
benign_benign (219),0.44777762488650097,0.28847517731643335,668.0,0.5229862332344055
benign_benign (22),0.918587050800876,0.8494322649663537,5.0,0.5696306228637695
benign_benign (220),0.8447645459960434,0.7312488056628309,15.81138801574707,0.514403760433197
benign_benign (221),0.8502308984125614,0.739479689663215,12.041594505310059,0.5223550200462341
benign_benign (222),0.8077691378806666,0.6775274517289374,28.319604873657227,0.5715543627738953
benign_benign (223),0.3599709513481483,0.21949059478533167,445.6601867675781,0.5603848695755005
benign_benign (224),0.7909412477036539,0.6541793326442211,409.1988830566406,0.5928143262863159
benign_benign (225),0.4507336275837205,0.29093358999719987,434.52679443359375,0.5719002485275269
benign_benign (226),0.6972255152052158,0.5351851171084381,54.34151077270508,0.5886509418487549
benign_benign (227),0.8445848894022241,0.7309796121411362,12.0,0.5402359366416931
benign_benign (228),0.6058337181897825,0.4345491108890289,415.0,0.5945581793785095
benign_benign (229),0.9218466839498277,0.8550237431242177,4.4721360206604,0.5584685206413269
benign_benign (23),0.951276640152695,0.9070806244768679,0.0,0.5439180135726929
benign_benign (230),0.5633807994928838,0.39215736452480865,467.0,0.5461786985397339
benign_benign (231),0.8706576948133652,0.770942247374209,16.0,0.5581784844398499
benign_benign (232),0.8712947372971062,0.771941769113058,17.20465087890625,0.6092159748077393
benign_benign (233),0.8187054037768723,0.6930577744073592,33.61547088623047,0.5462532639503479
benign_benign (234),0.8307372583159394,0.7104795429643344,407.3650817871094,0.567825436592102
benign_benign (235),0.8257189107827558,0.7031697251760192,31.62277603149414,0.5211842656135559
benign_benign (236),0.8858988374472639,0.7951691167952128,17.0880069732666,0.538806676864624
benign_benign (237),0.860807940408469,0.7556302145560218,24.515300750732422,0.5734905004501343
benign_benign (238),0.9135009179498784,0.84077467992609,7.211102485656738,0.5646249651908875
benign_benign (239),0.4910070451780119,0.32538723498806693,455.8514709472656,0.5211628675460815
benign_benign (24),0.9346703391303436,0.8773531550506039,2.0,0.5468290448188782
benign_benign (240),0.8494840511033358,0.7383505217108236,23.0,0.5528944730758667
benign_benign (241),0.4178160919568584,0.2640755539456859,641.5107421875,0.5612353682518005
benign_benign (242),0.8750593297137068,0.7778715383206625,15.55634880065918,0.5592383146286011
benign_benign (243),0.861051827370012,0.7560061538030637,20.59126091003418,0.5403600931167603
benign_benign (244),0.30115568763991124,0.1772709161490659,462.3852233886719,0.4956532418727875
benign_benign (245),0.31216127934678406,0.18494733859019008,458.495361328125,0.5152329206466675
benign_benign (246),0.8508597496870476,0.7404315961176271,8.0,0.49750810861587524
benign_benign (247),0.42434787374747446,0.2693157116899519,456.322021484375,0.5831284523010254
benign_benign (248),0.844027370485082,0.7301447706852832,12.0,0.5573340058326721
benign_benign (249),0.5711165016043855,0.3996942383683988,438.10589599609375,0.5921338796615601
benign_benign (25),0.624817721000282,0.4543526560474533,52.0,0.48991426825523376
benign_benign (250),0.8480521107380317,0.7361896476810977,12.206555366516113,0.5473364591598511
benign_benign (251),0.2819402768606643,0.16410388595331796,476.4981689453125,0.50227952003479
benign_benign (252),0.4878113869898087,0.3225863379715832,634.0,0.552229642868042
benign_benign (253),0.6617662206356056,0.49450718614699046,411.81280517578125,0.5394498705863953
benign_benign (254),0.3703836372328551,0.22728271863422506,478.3047180175781,0.5150183439254761
benign_benign (255),0.8750246014571516,0.7778166550058547,17.11724281311035,0.5642035603523254
benign_benign (256),0.8457256158018055,0.7326902748435153,25.806976318359375,0.5619387030601501
benign_benign (257),0.3409715857061838,0.2055248618857082,457.3412170410156,0.5559743046760559
benign_benign (258),0.5158194989853583,0.34754499108465003,455.0,0.5235446095466614
benign_benign (259),0.9262549314220395,0.8626395208035311,3.605551242828369,0.5654817819595337
benign_benign (26),0.9676322659627442,0.937294177316913,0.0,0.5577958226203918
benign_benign (260),0.6843398614957409,0.520149422689607,474.3128662109375,0.5332967042922974
benign_benign (261),0.8433499766621757,0.7291315087941819,402.0,0.5650426149368286
benign_benign (262),0.8429324409570036,0.7285075399182122,24.515300750732422,0.5486308336257935
benign_benign (263),0.7216244359629571,0.5644854738064171,55.865909576416016,0.6030672192573547
benign_benign (264),0.8805119139512462,0.7865308482737732,34.058773040771484,0.5721818804740906
benign_benign (265),0.6931340206201385,0.5303788082014863,435.0,0.5444905161857605
benign_benign (266),0.39008980810733584,0.24230532241825362,656.0,0.5682376623153687
benign_benign (267),0.8397896046143651,0.7238252716552708,21.954498291015625,0.5717479586601257
benign_benign (268),0.6822521678713998,0.517741066415687,438.0,0.558906078338623
benign_benign (269),0.6778721006192102,0.5127129538231863,372.378173828125,0.552890956401825
benign_benign (27),0.7528011553271052,0.6035935316588703,427.0,0.5306110978126526
benign_benign (270),0.5704684454658181,0.3990597085209392,697.7846069335938,0.5298855900764465
benign_benign (271),0.8387381060596971,0.7222643836332053,15.81138801574707,0.5116564035415649
benign_benign (272),0.5066330697393251,0.33925558379291293,475.8638000488281,0.5124797821044922
benign_benign (273),0.6816724522973678,0.5170736616154732,427.3382873535156,0.6122671961784363
benign_benign (274),0.8373525887625738,0.720211975419312,394.1827392578125,0.5510295033454895
benign_benign (275),0.6223228395034875,0.45171892033497035,439.7598876953125,0.549372673034668
benign_benign (276),0.8659158782827907,0.7635376086322778,19.02629852294922,0.6088640689849854
benign_benign (277),0.8741356559960464,0.7764129494398864,17.0880069732666,0.568111777305603
benign_benign (278),0.7418819853414027,0.5896759896150529,48.79549026489258,0.586089551448822
benign_benign (279),0.3947204163774896,0.24588889088739008,654.4005126953125,0.562678873538971
benign_benign (28),0.9519235019382075,0.9082576545700155,0.0,0.5667059421539307
benign_benign (280),0.927887512555006,0.8654758930822902,3.605551242828369,0.5609965324401855
benign_benign (281),0.6074524697936003,0.43621668677025377,483.912353515625,0.53119957447052
benign_benign (282),0.5835324363248834,0.41196314782879956,437.0,0.5989668965339661
benign_benign (283),0.6266676989077271,0.45631177423216535,408.59088134765625,0.5567308068275452
benign_benign (284),0.49813267306510617,0.3316755509186587,611.0,0.519207239151001
benign_benign (285),0.49573815206493854,0.3295557570301883,604.0,0.5211067199707031
benign_benign (286),0.8229064791657731,0.6991003387594872,368.0,0.5607052445411682
benign_benign (287),0.861885177103148,0.7572919355451359,22.472204208374023,0.6234642267227173
benign_benign (288),0.4056193307245844,0.2544055748707197,462.83551025390625,0.5972175598144531
benign_benign (289),0.6982786012010606,0.5364270740629099,416.0,0.5988129377365112
benign_benign (29),0.20253053912277857,0.11267537143208416,529.7706909179688,0.5796005129814148
benign_benign (290),0.8591803350278657,0.7531254600609302,374.1049499511719,0.5513888001441956
benign_benign (291),0.4946945297606997,0.3286339813133207,457.1592712402344,0.5459098219871521
benign_benign (292),0.45394129095817953,0.293611936150761,430.9071960449219,0.5842601656913757
benign_benign (293),0.4621680393176535,0.3005322110216611,426.391845703125,0.5781378746032715
benign_benign (294),0.7783749638666697,0.6371635656161018,54.032249450683594,0.5221894383430481
benign_benign (295),0.9061875896298163,0.8284670945767021,6.7082037925720215,0.5577201843261719
benign_benign (296),0.7724843938661711,0.6293071876294677,407.0,0.5626556277275085
benign_benign (297),0.6573943784854532,0.4896407164970786,443.0,0.5389004349708557
benign_benign (298),0.6218601917979153,0.4512315717899639,417.1188049316406,0.5439384579658508
benign_benign (299),0.5521721675473413,0.381379715995451,410.0015563964844,0.5559453368186951
benign_benign (3),0.9370925171743705,0.8816313106435905,1.4142135381698608,0.5033722519874573
benign_benign (30),0.5301204819363275,0.36065573772087095,441.0,0.5578197836875916
benign_benign (300),0.913509024955623,0.8407884151261215,6.7082037925720215,0.5623170137405396
benign_benign (301),0.29585765605927655,0.173610882409222,495.0252380371094,0.5343584418296814
benign_benign (302),0.3960326543160749,0.2469081776466588,475.6017150878906,0.5623340606689453
benign_benign (303),0.6703749612668858,0.5041834665730046,424.3417663574219,0.6273727416992188
benign_benign (304),0.6719465546048436,0.5059634888463186,441.57330322265625,0.6100757122039795
benign_benign (305),0.3649206911324334,0.22318225737455238,454.0,0.5276941657066345
benign_benign (306),0.5505348494588701,0.37981930731996993,434.80914306640625,0.540267288684845
benign_benign (307),0.543797990213411,0.37343581904516404,479.9801940917969,0.5388177037239075
benign_benign (308),0.756062269240693,0.6077975211741287,32.0,0.5080740451812744
benign_benign (309),0.8578362570118312,0.7510624131424145,32.4499626159668,0.5376434922218323
benign_benign (31),0.1798112256044411,0.09878713029484472,705.0,0.5682368278503418
benign_benign (310),0.3836512775405146,0.23735674870898898,693.9344482421875,0.5538625717163086
benign_benign (311),0.5059968699273318,0.33868528100334655,668.0,0.5765343904495239
benign_benign (312),0.797505560852141,0.6632093545631534,422.7256774902344,0.5691559910774231
benign_benign (313),0.7978546917301581,0.6636923891389583,19.0,0.539823591709137
benign_benign (314),0.4176378450044346,0.2639331607426261,458.0,0.5723624229431152
benign_benign (315),0.1532733099367305,0.08299728961735188,736.8038940429688,0.520638108253479
benign_benign (316),0.7467272113617689,0.59582177011409,496.4876708984375,0.6033414602279663
benign_benign (317),0.4683191511555093,0.30575504780301754,682.9129028320312,0.5926547050476074
benign_benign (318),0.5650078077557874,0.39373580626478655,466.0,0.5005770921707153
benign_benign (319),0.9227974790027819,0.8566610837024883,3.605551242828369,0.5812117457389832
benign_benign (32),0.7236994074922025,0.5670289677383632,417.6402282714844,0.5663498640060425
benign_benign (320),0.9356898641448708,0.8791515110351446,2.0,0.49286726117134094
benign_benign (321),0.37838753391043434,0.23334029669010928,476.0,0.4448476731777191
benign_benign (322),0.9124384500144535,0.8389763779654349,3.0,0.56382155418396
benign_benign (323),0.7079307992843316,0.5479047088947093,456.1011657714844,0.4939253628253937
benign_benign (324),0.4676368302168472,0.3051736295035619,723.0,0.505376935005188
benign_benign (325),0.5239531377008482,0.3549705304772114,452.0,0.5442581176757812
benign_benign (326),0.9329148510610896,0.874264675119248,4.0,0.5540503263473511
benign_benign (327),0.9503733872821443,0.9054394922607718,0.0,0.5655615329742432
benign_benign (328),0.7293040946259403,0.5739406978230343,33.0,0.4875830113887787
benign_benign (329),0.4082996307541088,0.2565178966248152,433.0,0.5410173535346985
benign_benign (33),0.7993815027399992,0.6658080852214944,384.7830505371094,0.5530806183815002
benign_benign (330),0.8434106676617876,0.7292222434366736,418.7650146484375,0.5363920331001282
benign_benign (331),0.8598699546102351,0.7541858563356353,199.12307739257812,0.5224965810775757
benign_benign (332),0.6035366158584249,0.4321893597283015,228.55459594726562,0.5568681955337524
benign_benign (333),0.8586582252815741,0.7523234882859701,21.931713104248047,0.59698086977005
benign_benign (334),0.8806353350765745,0.786727831132188,7.8102498054504395,0.5644940733909607
benign_benign (335),0.5639996752782539,0.3927573452262703,399.0572814941406,0.6021209955215454
benign_benign (336),0.5188318718621159,0.35028560364652644,464.0,0.5001118183135986
benign_benign (337),0.4866327018366777,0.32155624244964987,682.0011596679688,0.5220581889152527
benign_benign (338),0.4353064834661649,0.27820559035035536,661.0,0.4941858947277069
benign_benign (339),0.9408863798588166,0.8883715230986367,2.0,0.542888343334198
benign_benign (34),0.6937889322566246,0.531146113666187,448.26971435546875,0.5678849220275879
benign_benign (340),0.9284450238141624,0.8664464674684009,5.385164737701416,0.53403639793396
benign_benign (341),0.9129401931950658,0.8398251756532858,11.401754379272461,0.5578535795211792
benign_benign (342),0.9108444416550074,0.8362849867280543,10.630146026611328,0.5731624960899353
benign_benign (343),0.893626705448031,0.8077081305645367,13.928388595581055,0.5637573599815369
benign_benign (344),0.3474997270474055,0.21028724336009047,630.081298828125,0.5812945365905762
benign_benign (345),0.4260798539512305,0.2707124977327458,446.05072021484375,0.5709410309791565
benign_benign (346),0.6313298381977415,0.46127244957792285,476.63055419921875,0.5919526219367981
benign_benign (347),0.2301651524696531,0.13004894371857836,473.1786193847656,0.5602357983589172
benign_benign (348),0.5967161768762885,0.4252284299565729,448.35540771484375,0.5393922924995422
benign_benign (349),0.0881470797028727,0.04610557578537026,813.5447998046875,0.5315052270889282
benign_benign (35),0.17898503251344067,0.09828861141628711,541.3253784179688,0.5597935914993286
benign_benign (350),0.9456759862655558,0.8969500589446917,1.0,0.5509389042854309
benign_benign (351),0.9321083722420451,0.8728492180439136,2.0,0.5408975481987
benign_benign (352),0.4094460227389235,0.2574235320568226,496.1614685058594,0.5426086783409119
benign_benign (353),0.14205712905259604,0.07645936335462249,482.2991027832031,0.5612204074859619
benign_benign (354),0.8501811797235133,0.7394044737590002,400.2709045410156,0.5671948194503784
benign_benign (355),0.8092022901901297,0.6795463944251977,389.0,0.5425036549568176
benign_benign (356),0.7795302259685928,0.6387132582519428,402.1294860839844,0.5576980710029602
benign_benign (357),0.9020095503394597,0.8215094681566207,6.4031243324279785,0.5639519095420837
benign_benign (358),0.8994320407373734,0.8172435270074341,8.5440034866333,0.5613922476768494
benign_benign (359),0.4008318341712055,0.25065020849501196,448.77716064453125,0.580030620098114
benign_benign (36),0.9554538777709355,0.914707218224489,0.0,0.5500902533531189
benign_benign (360),0.5904474314152792,0.4188899687596651,459.1850280761719,0.5460491180419922
benign_benign (361),0.8700521336172252,0.7699931647321904,24.331050872802734,0.5559905171394348
benign_benign (362),0.5696399058554205,0.3982492997409577,424.0,0.5357204079627991
benign_benign (363),0.6885612608085314,0.5250426422823941,416.91162109375,0.5138633847236633
benign_benign (364),0.6279918610134418,0.45771730004510536,440.8832092285156,0.5713897943496704
benign_benign (365),0.7664176722241408,0.6212943027570947,401.0,0.5731953382492065
benign_benign (366),0.8331538679524428,0.7140220506130213,19.235383987426758,0.5897379517555237
benign_benign (367),0.9020956161808583,0.821652258135225,7.0,0.5472309589385986
benign_benign (368),0.4136211312645851,0.2607328800355525,449.0,0.5550487637519836
benign_benign (369),0.43260914237670495,0.27600591153518295,456.5665283203125,0.5604125261306763
benign_benign (37),0.5242888914970695,0.3552788133704434,444.0,0.5334163308143616
benign_benign (370),0.8747371388967624,0.7773624893651967,29.681644439697266,0.5559775829315186
benign_benign (371),0.9165971249077152,0.8460353447281032,7.8102498054504395,0.5269584655761719
benign_benign (372),0.9295814254890323,0.8684279660547987,3.1622776985168457,0.5773801803588867
benign_benign (373),0.8140354493011744,0.6863910467009646,378.0,0.5542506575584412
benign_benign (374),0.11416752844864798,0.06053959202724112,503.0,0.5566429495811462
benign_benign (375),0.9016547062705832,0.8209209903473152,11.704699516296387,0.5786539316177368
benign_benign (376),0.9391898046556024,0.8853514123239802,2.8284270763397217,0.5503686666488647
benign_benign (377),0.4676539893284045,0.30518824474333367,629.5247802734375,0.4962381422519684
benign_benign (378),0.4755475523795976,0.3119464651897557,441.3116760253906,0.6021677255630493
benign_benign (379),0.5624825116163703,0.3912874216608754,445.76727294921875,0.6075689792633057
benign_benign (38),0.6346164286927275,0.4647898524898646,452.2167663574219,0.5158653855323792
benign_benign (380),0.8029739776999545,0.670807453429513,384.1356201171875,0.5579177141189575
benign_benign (381),0.8824270733377899,0.789592385683948,22.0,0.562721312046051
benign_benign (382),0.9480257001626331,0.9011871300558766,1.0,0.5473318696022034
benign_benign (383),0.9070674758594646,0.8299391369783228,8.0,0.538386881351471
benign_benign (384),0.7478930873108488,0.5973076897293778,430.06976318359375,0.5472460985183716
benign_benign (385),0.6972282217449853,0.5351883064914594,420.0,0.5691937208175659
benign_benign (386),0.907997545511082,0.8314977148448117,8.0,0.5845710635185242
benign_benign (387),0.928385334726641,0.8663425061383044,4.0,0.5549452900886536
benign_benign (388),0.7724970541464764,0.6293239920634133,30.870698928833008,0.5057888627052307
benign_benign (389),0.8424601583293609,0.7278022993295062,32.202484130859375,0.5319843888282776
benign_benign (39),0.8268304599737064,0.7047834364676111,17.0880069732666,0.5479405522346497
benign_benign (390),0.7505952035354007,0.6007622234739802,397.0,0.46761414408683777
benign_benign (391),0.7192212217714613,0.5615499210313464,421.12689208984375,0.5978491306304932
benign_benign (392),0.9590130625190967,0.9212536949214488,0.0,0.5397326946258545
benign_benign (393),0.8982744804745655,0.8153341867417429,17.8885440826416,0.5270035862922668
benign_benign (394),0.7843124128336478,0.6451595139387429,385.1882629394531,0.5694743990898132
benign_benign (395),0.7845769966062783,0.6455176464628262,409.51800537109375,0.5743539333343506
benign_benign (396),0.13014394008251656,0.06960104730922845,499.0,0.5448574423789978
benign_benign (397),0.8132950181141105,0.6853388420285457,414.0,0.5895717144012451
benign_benign (398),0.7157655566116257,0.5573480452090703,410.25390625,0.5573489665985107
benign_benign (399),0.9019158663497968,0.8213540645125894,15.81138801574707,0.5515066385269165
benign_benign (4),0.10302963413440182,0.05431272728189758,506.4506530761719,0.5956792235374451
benign_benign (40),0.8984064880078554,0.8155517241442913,6.082762718200684,0.5839601755142212
benign_benign (400),0.9417945859710509,0.8899922203057516,2.2360680103302,0.5204901099205017
benign_benign (401),0.8636255642676699,0.7599832740976858,20.808652877807617,0.6000607013702393
benign_benign (402),0.4201315973711749,0.2659282233102762,689.26611328125,0.49604135751724243
benign_benign (403),0.9213814507788585,0.8542236284038203,6.0,0.551024854183197
benign_benign (404),0.9094245064653276,0.8338941337458109,16.552946090698242,0.5402567982673645
benign_benign (405),0.7781231525564297,0.6368261696626759,418.33599853515625,0.5786871314048767
benign_benign (406),0.8934330787533071,0.8073918184246285,15.0,0.5590641498565674
benign_benign (407),0.8734709091998261,0.7753647165735523,19.84943389892578,0.5394161939620972
benign_benign (408),0.5149526001483237,0.3467583594989447,447.3935546875,0.5610279440879822
benign_benign (409),0.86446439170321,0.7612833850275709,32.98484420776367,0.5737566947937012
benign_benign (41),0.8555385099527204,0.7475467871956251,25.079872131347656,0.5522812604904175
benign_benign (410),0.7354243418755224,0.5815581987142809,449.14361572265625,0.5908340811729431
benign_benign (411),0.8062910716519872,0.6754503149851184,397.0012512207031,0.578378438949585
benign_benign (412),0.9296000597797847,0.8684604929898351,7.071067810058594,0.5222018361091614
benign_benign (413),0.1295013258119033,0.0692335833246385,513.0,0.552966833114624
benign_benign (414),0.7969919751823579,0.6624993007039257,63.631752014160156,0.5338015556335449
benign_benign (415),0.9299964613618716,0.8691526969580661,8.0,0.5258737802505493
benign_benign (416),0.323568037921602,0.19300994328834634,437.0,0.5966129899024963
benign_benign (417),0.47797376753125315,0.3140377986540138,469.34527587890625,0.5722103118896484
benign_benign (418),0.3661437264094997,0.22409787955835078,452.02764892578125,0.5840886831283569
benign_benign (419),0.5434452302663507,0.37310318950284277,477.7457580566406,0.5440969467163086
benign_benign (42),0.6204952482133147,0.44979565848720793,411.0304260253906,0.5605919361114502
benign_benign (420),0.7960092053797017,0.6611422686432417,422.62158203125,0.562099814414978
benign_benign (421),0.8307721604455149,0.7105306017712528,409.1723327636719,0.5893958806991577
benign_benign (422),0.9080886684872667,0.8316505583192659,9.848857879638672,0.5415551066398621
benign_benign (423),0.3411393291492345,0.20564676415927996,699.3268432617188,0.5563296675682068
benign_benign (424),0.5921842761741727,0.4206404759948237,140.89002990722656,0.5516219735145569
benign_benign (425),0.7193220090840657,0.5616728125214626,473.0,0.4768621623516083
benign_benign (426),0.6741364711959446,0.5084508748835341,510.7837219238281,0.6092528700828552
benign_benign (427),0.8413917092818729,0.7262089491560578,17.029386520385742,0.5618512630462646
benign_benign (428),0.8783882317137893,0.7831481949030151,19.313207626342773,0.5727918148040771
benign_benign (429),0.22957241583918872,0.12967060494374744,843.0,0.5152466893196106
benign_benign (43),0.32816099449454167,0.19628743762488854,474.0,0.5425319671630859
benign_benign (430),0.753814761362128,0.604897841824871,435.32977294921875,0.5698233842849731
benign_benign (431),0.39213595642279464,0.2438862651348275,836.26611328125,0.5528362989425659
benign_benign (432),0.8855523613969306,0.7946110079322091,24.698177337646484,0.5599046945571899
benign_benign (433),0.35182433310703876,0.21346288516783155,448.0,0.5373837947845459
benign_benign (434),0.915347534362812,0.8439085913343748,21.931713104248047,0.5563388466835022
benign_benign (435),0.3766113489102074,0.2319908720976935,454.0,0.5364125370979309
benign_benign (436),0.8574011883240658,0.7503956590568861,25.079872131347656,0.5694379210472107
benign_benign (437),0.13009445603587924,0.06957274204284321,419.3864440917969,0.5437645316123962
benign_benign (44),0.15528038150237145,0.08417560042756804,544.590576171875,0.5361138582229614
benign_benign (45),0.9227392449522108,0.8565607171981332,6.0,0.5406692028045654
benign_benign (46),0.7116601160504713,0.5523853797691681,44.643028259277344,0.5606428980827332
benign_benign (47),0.7347870929913962,0.5807616164457015,26.0,0.4869445562362671
benign_benign (48),0.9222123417362502,0.8556530914658563,5.830951690673828,0.5639773607254028
benign_benign (49),0.9707582582021871,0.9431780880812455,0.0,0.5312343239784241
benign_benign (5),0.9048580591556852,0.8262472885158173,3.605551242828369,0.5550172924995422
benign_benign (50),0.7872340425560972,0.649122807025446,402.0749206542969,0.5729390978813171
benign_benign (51),0.5461381988674678,0.3756465700256234,450.00360107421875,0.5432345867156982
benign_benign (52),0.270462728730535,0.15637866453338115,725.0107421875,0.5207245945930481
benign_benign (53),0.6673016881045086,0.5007147395303707,419.2111511230469,0.5131728649139404
benign_benign (54),0.5424998527668682,0.37221255435150113,460.7222595214844,0.589516282081604
benign_benign (55),0.8898289326912926,0.801524160463884,6.0,0.5606257915496826
benign_benign (56),0.7309035594783637,0.5759243633056927,422.4448547363281,0.5649964809417725
benign_benign (57),0.549719902126525,0.3790439536094644,467.70361328125,0.5300794839859009
benign_benign (58),0.5393975555115047,0.36929799587327417,455.9673767089844,0.5629171133041382
benign_benign (59),0.6434467535219814,0.474324730854314,631.0,0.49946585297584534
benign_benign (6),0.7165488846590482,0.5582985406297487,458.9814758300781,0.4912090599536896
benign_benign (60),0.23423501408279085,0.13265356147035018,648.0,0.5350421667098999
benign_benign (61),0.45699507910830595,0.29617214626176713,634.363037109375,0.5029605627059937
benign_benign (62),0.9252783895250518,0.8609470401515832,6.0,0.554564356803894
benign_benign (63),0.7400752028600801,0.5873963307622898,174.33523559570312,0.5473978519439697
benign_benign (64),0.9023349075272118,0.8220493789181593,21.095022201538086,0.5456381440162659
benign_benign (65),0.7424481940982297,0.5903917362429068,657.2649536132812,0.5209066271781921
benign_benign (66),0.959646737055027,0.9224239219855944,0.0,0.4892618954181671
benign_benign (67),0.9385541246030707,0.8842223106782554,2.8284270763397217,0.547538161277771
benign_benign (68),0.9693461006611701,0.940515629236111,0.0,0.5132131576538086
benign_benign (69),0.8935261255398441,0.8075438075628607,3.605551242828369,0.540537416934967
benign_benign (7),0.5624609469087979,0.39126655079635775,716.3955078125,0.49898025393486023
benign_benign (70),0.2188694800925556,0.12288233661448249,479.0,0.5599033236503601
benign_benign (71),0.26182576219470466,0.15063263308979527,454.2503662109375,0.5386838316917419
benign_benign (72),0.9048416650746718,0.8262199503210135,9.848857879638672,0.5694411993026733
benign_benign (73),0.9427253343024755,0.8916560330902755,2.0,0.5569252967834473
benign_benign (74),0.891050826324225,0.8035091665950389,3.605551242828369,0.5123177766799927
benign_benign (75),0.9411405916445743,0.8888248847954111,1.0,0.5569350123405457
benign_benign (76),0.5917416951324084,0.42019400354079195,433.1702575683594,0.5698625445365906
benign_benign (77),0.7838995147044885,0.6446009389747204,412.0,0.49474960565567017
benign_benign (78),0.5203464618499685,0.35166777116877435,464.0968017578125,0.5669649243354797
benign_benign (79),0.6490335554381337,0.48042167002343383,392.1673583984375,0.5872706174850464
benign_benign (8),0.6036698986323573,0.43232606534731177,443.2181396484375,0.544400155544281
benign_benign (80),0.9682832951579718,0.9385166399010251,0.0,0.5441746711730957
benign_benign (81),0.6195835421784394,0.4488381304644561,451.15191650390625,0.5629785656929016
benign_benign (82),0.9357368426110736,0.8792344601197872,2.0,0.5649574398994446
benign_benign (83),0.20741735996204694,0.11570867380650278,655.0368041992188,0.5357692241668701
benign_benign (84),0.8403025649966158,0.7245877585262395,51.429561614990234,0.5353907346725464
benign_benign (85),0.6675092279284989,0.5009484807856106,429.0,0.5709143280982971
benign_benign (86),0.13081543543308716,0.06998529622124479,495.698486328125,0.5483628511428833
benign_benign (87),0.5917955615390076,0.4202483285693201,449.8110656738281,0.5672130584716797
benign_benign (88),0.9193887961695413,0.850804427079277,5.099019527435303,0.5113523602485657
benign_benign (89),0.2717040300219168,0.15720920186675444,471.8943176269531,0.5678618550300598
benign_benign (9),0.9490698232294006,0.9030760027713692,1.0,0.5525157451629639
benign_benign (90),0.07009229234996182,0.03631898669565018,495.42315673828125,0.5407110452651978
benign_benign (91),0.23178038754389152,0.13108122199705805,476.5983581542969,0.5245092511177063
benign_benign (92),0.7065349018266881,0.5462342221888637,412.6414794921875,0.5826518535614014
benign_benign (93),0.3368077825082774,0.20250682931893776,422.8660888671875,0.5853853821754456
benign_benign (94),0.49638118215406873,0.33012434818710346,628.2396240234375,0.5323677062988281
benign_benign (95),0.21513826081341267,0.12053497259724523,537.9520263671875,0.5896283984184265
benign_benign (96),0.9702736876733625,0.9422636637120154,0.0,0.5591875910758972
benign_benign (97),0.9115432362847489,0.8374638907785247,11.0,0.5263251066207886
benign_benign (98),0.8299991312385251,0.7094004401189188,54.0,0.5911884903907776
benign_benign (99),0.7347161843271253,0.5806730278454383,656.0,0.5075622797012329
malignant_malignant (1),0.8943244687767861,0.8088489285709949,18.027755737304688,0.5732010006904602
malignant_malignant (10),0.6484614302296927,0.47979498679458965,388.96014404296875,0.5227039456367493
malignant_malignant (100),0.7040487194317828,0.5432678913098008,404.0,0.5868313908576965
malignant_malignant (101),0.8532340174351151,0.7440349909295231,24.331050872802734,0.5329204797744751
malignant_malignant (102),0.8670912085863872,0.7653671815056278,21.21320343017578,0.5597256422042847
malignant_malignant (103),0.8482527256172917,0.7364920625252089,26.570659637451172,0.5585240721702576
malignant_malignant (104),0.8437344700487026,0.7297064975075056,30.4138126373291,0.547673761844635
malignant_malignant (105),0.6718660103602652,0.5058721601943421,797.9920654296875,0.5013102293014526
malignant_malignant (106),0.6423165621872743,0.4730974425267503,61.0,0.5591821074485779
malignant_malignant (107),0.8008821767103873,0.6678928134972403,42.05948257446289,0.5720306634902954
malignant_malignant (108),0.8469028631197624,0.7344592541542466,39.20458984375,0.5370041131973267
malignant_malignant (109),0.7901924376392451,0.6531554787930689,326.7319641113281,0.5765442848205566
malignant_malignant (11),0.7100926388336255,0.5504989429582445,74.04242706298828,0.5139137506484985
malignant_malignant (110),0.9093760748447496,0.8338126955335097,5.0,0.5316894054412842
malignant_malignant (111),0.8777641753254067,0.7821566163068994,35.0,0.5330695509910583
malignant_malignant (112),0.400776014116393,0.25060655521857156,457.24163818359375,0.5511804223060608
malignant_malignant (113),0.7448689380186413,0.5934590901174625,47.381431579589844,0.5318677425384521
malignant_malignant (114),0.7283372624058992,0.5727440467311385,122.53978729248047,0.5443487167358398
malignant_malignant (115),0.6750817448184435,0.5095270913359619,104.0,0.5875200033187866
malignant_malignant (116),0.39638608814208454,0.24718299412051356,449.1380615234375,0.58212810754776
malignant_malignant (117),0.6558675246970699,0.48794857408035935,388.36322021484375,0.565166711807251
malignant_malignant (118),0.93075659120259,0.8704814858292464,4.123105525970459,0.5343016982078552
malignant_malignant (119),0.8311569556738921,0.711093726150517,45.0,0.5273182988166809
malignant_malignant (12),0.8695071213843496,0.7691398484991904,10.049875259399414,0.5312525033950806
malignant_malignant (120),0.8733510418016387,0.7751758304546064,33.12099075317383,0.5222275257110596
malignant_malignant (121),0.37066866742147836,0.22749741567094264,681.5567626953125,0.5087572336196899
malignant_malignant (122),0.9023360580600019,0.8220512887265365,15.0,0.5479446053504944
malignant_malignant (123),0.7362303708659033,0.5825669124294605,409.25335693359375,0.5493612289428711
malignant_malignant (124),0.8862780490690522,0.7957803546287031,21.0,0.548055112361908
malignant_malignant (125),0.7936051159091073,0.6578319639594513,128.7633514404297,0.520328938961029
malignant_malignant (126),0.8955938426783251,0.8109279695176538,7.071067810058594,0.5964956879615784
malignant_malignant (127),0.8730725807214467,0.7747371887363718,28.844409942626953,0.5512149930000305
malignant_malignant (128),0.8740938235011517,0.7763469476822309,22.0,0.5321023464202881
malignant_malignant (129),0.8971099438616342,0.8134173835994001,17.72004508972168,0.5396844148635864
malignant_malignant (13),0.701851159313286,0.5406553835106902,453.79510498046875,0.5917931199073792
malignant_malignant (130),0.8729987816650845,0.774620974195337,22.671567916870117,0.5039995312690735
malignant_malignant (131),0.9106961601081041,0.8360350223313753,6.324555397033691,0.5083444714546204
malignant_malignant (132),0.905929576974485,0.828035890477253,8.485280990600586,0.5439019799232483
malignant_malignant (133),0.9140531660693986,0.8417107886959435,13.03840446472168,0.606475293636322
malignant_malignant (134),0.8204531645958087,0.6955664158235164,24.0,0.5166462063789368
malignant_malignant (135),0.9099171344566452,0.8347229033860901,8.0,0.5548990368843079
malignant_malignant (136),0.37842444808578757,0.23336837290257362,682.940673828125,0.5975227355957031
malignant_malignant (137),0.8193134658255172,0.6939297113256985,63.60031509399414,0.5445798635482788
malignant_malignant (138),0.83320339837394,0.7140948107097806,43.104522705078125,0.5270587801933289
malignant_malignant (139),0.8544562644605926,0.7458958029736154,22.360679626464844,0.5660260915756226
malignant_malignant (14),0.7226126599019144,0.5656958051952223,415.781005859375,0.5353765487670898
malignant_malignant (140),0.7475142449674006,0.5968245482754365,225.39271545410156,0.5520985722541809
malignant_malignant (141),0.6679356709041457,0.5014289898152773,413.1457214355469,0.5540884137153625
malignant_malignant (142),0.9008926388799714,0.8196584526212293,19.697715759277344,0.5328150987625122
malignant_malignant (143),0.7788859005642822,0.6378485850978207,376.17333984375,0.5715898871421814
malignant_malignant (144),0.9430018402317957,0.892150881737387,2.0,0.5374131202697754
malignant_malignant (145),0.42917665422502405,0.27321764435797546,443.0552978515625,0.5272373557090759
malignant_malignant (146),0.8955831419086264,0.8109104233131696,16.278820037841797,0.542776882648468
malignant_malignant (147),0.5848233070219692,0.4132510872511472,409.0,0.5062360167503357
malignant_malignant (148),0.3873050334403444,0.24016013039854892,548.3201904296875,0.6030508875846863
malignant_malignant (149),0.8990265937503903,0.8165743047453701,12.0,0.5663700699806213
malignant_malignant (15),0.9185067375463086,0.8492949234493375,8.246211051940918,0.5435336828231812
malignant_malignant (150),0.9325149369036029,0.8735625154312316,6.0,0.5416780114173889
malignant_malignant (151),0.8109044548125326,0.6819506288583629,53.90732955932617,0.5349050164222717
malignant_malignant (152),0.7374934566472157,0.5841502054234072,112.27198791503906,0.5330767035484314
malignant_malignant (153),0.8866707107222518,0.7964137108956462,31.906112670898438,0.5623538494110107
malignant_malignant (154),0.8606571084782481,0.7553977954162848,77.23341369628906,0.5871493220329285
malignant_malignant (155),0.869526861190552,0.7691707404096456,29.698484420776367,0.5459450483322144
malignant_malignant (156),0.8613145030820868,0.7564112350720867,33.0,0.5638816356658936
malignant_malignant (157),0.16505164878177872,0.08994893435409626,544.5014038085938,0.5872591733932495
malignant_malignant (158),0.7344699064401288,0.5803654217143474,43.13930892944336,0.6690571308135986
malignant_malignant (159),0.8583894326643257,0.7519109030921615,23.853721618652344,0.5440925359725952
malignant_malignant (16),0.7702361889882956,0.6263285535743011,71.84706115722656,0.5445882081985474
malignant_malignant (160),0.8486760449025167,0.7371305366709012,26.925823211669922,0.5376259684562683
malignant_malignant (161),0.7994007991745714,0.6658348586485591,81.1541748046875,0.5138482451438904
malignant_malignant (162),0.8900741029410799,0.8019220970515529,25.317977905273438,0.5415692329406738
malignant_malignant (163),0.9683892776192433,0.938715793283395,0.0,0.5543500781059265
malignant_malignant (164),0.8935985951070221,0.8076622021224069,15.29705810546875,0.541904628276825
malignant_malignant (165),0.8584320986287002,0.7519763805532418,44.9110221862793,0.5283628106117249
malignant_malignant (166),0.33086142532724694,0.19822286199132133,569.2367553710938,0.6019890308380127
malignant_malignant (167),0.9041588361722753,0.825082015549084,20.59126091003418,0.558035671710968
malignant_malignant (168),0.8406840770381576,0.7251552923477673,33.13608169555664,0.5451209545135498
malignant_malignant (169),0.28718196978949,0.16766636312006827,756.6770629882812,0.465666264295578
malignant_malignant (17),0.9364621929467392,0.8805161290336596,2.2360680103302,0.57497638463974
malignant_malignant (170),0.8988857364309449,0.8163419239685779,16.970561981201172,0.5671465396881104
malignant_malignant (171),0.7750227307178407,0.6326833567889353,409.3657531738281,0.5915658473968506
malignant_malignant (172),0.9052647806990373,0.8269257851029058,7.0,0.5715309381484985
malignant_malignant (173),0.6887177329376293,0.5252246219141208,69.31810760498047,0.557914137840271
malignant_malignant (174),0.6700128504216908,0.503773927918288,402.9900817871094,0.5536210536956787
malignant_malignant (175),0.8706912707995456,0.7709949000539938,40.224369049072266,0.5494733452796936
malignant_malignant (176),0.8100445147588524,0.6807351407737178,94.0,0.564998984336853
malignant_malignant (177),0.43861407565498467,0.2809133019711791,398.554931640625,0.5676305890083313
malignant_malignant (178),0.7020123060620513,0.540846657747828,84.05355072021484,0.5713028311729431
malignant_malignant (179),0.703416794292768,0.542515737669486,117.23907470703125,0.5366302132606506
malignant_malignant (18),0.6733580706783181,0.5075657988775786,399.7211608886719,0.5684545040130615
malignant_malignant (180),0.8214228263501296,0.6969614249424448,18.0,0.5255361199378967
malignant_malignant (181),0.5258849725492403,0.35674622587814014,434.0,0.570950448513031
malignant_malignant (182),0.8819478283470887,0.788825289828578,20.51828384399414,0.5533085465431213
malignant_malignant (183),0.9038435933201412,0.8245571414923991,12.0,0.5508459210395813
malignant_malignant (184),0.8523985713099566,0.7427653451806624,47.0,0.561332106590271
malignant_malignant (185),0.9266565805763224,0.8633365275340219,6.082762718200684,0.5563879609107971
malignant_malignant (186),0.8674934152145158,0.7659941468500737,49.72926712036133,0.5390359163284302
malignant_malignant (187),0.9232683016236872,0.8574729461540984,4.242640495300293,0.5516328811645508
malignant_malignant (188),0.8233999442104837,0.6998129399704048,58.600341796875,0.5520182251930237
malignant_malignant (189),0.7792000796986801,0.6382700938540078,418.0,0.5221380591392517
malignant_malignant (19),0.7758153503139095,0.6337404659613073,73.75635528564453,0.5594297647476196
malignant_malignant (190),0.8740671059773655,0.7763047963326203,18.027755737304688,0.5545238852500916
malignant_malignant (191),0.7350677281842143,0.5811123208462302,245.00091552734375,0.560528576374054
malignant_malignant (192),0.1470700451155426,0.07937161614394586,714.0567016601562,0.5158176422119141
malignant_malignant (193),0.7059303535393834,0.5455118706128336,400.0,0.5933234691619873
malignant_malignant (194),0.8750699720116117,0.7778883577116003,23.0,0.5068247318267822
malignant_malignant (195),0.8783587975740847,0.7831014014774901,21.540658950805664,0.5548210740089417
malignant_malignant (196),0.90722042825679,0.8301952669286957,9.0,0.5577832460403442
malignant_malignant (197),0.8612011874863036,0.7562364642674387,18.384777069091797,0.5637146234512329
malignant_malignant (198),0.39799865257966516,0.2484384006443527,427.4895324707031,0.5720387697219849
malignant_malignant (199),0.904420581776691,0.8255180471029266,7.8102498054504395,0.6267632246017456
malignant_malignant (2),0.8474365463882257,0.7352623785987419,34.058773040771484,0.5607767105102539
malignant_malignant (20),0.8803498876028141,0.7862723165529775,18.439088821411133,0.5501296520233154
malignant_malignant (200),0.5023845941701442,0.33545634761622695,468.1580505371094,0.5919861793518066
malignant_malignant (201),0.8581063148859616,0.7514765394300422,30.232433319091797,0.532274603843689
malignant_malignant (202),0.8279391935231906,0.7063961092708809,62.64982223510742,0.5512060523033142
malignant_malignant (203),0.8570837108063286,0.7499094368595576,26.925823211669922,0.5417888164520264
malignant_malignant (204),0.7458441533836939,0.5946981432952618,58.8217658996582,0.5395625233650208
malignant_malignant (205),0.9064278691445369,0.828868845108259,15.81138801574707,0.5399956107139587
malignant_malignant (206),0.9088996987848837,0.8330120501047594,15.29705810546875,0.5477430820465088
malignant_malignant (207),0.8663067820570673,0.7641456862817981,22.0,0.5867252945899963
malignant_malignant (208),0.916413811986804,0.8457230464217094,10.29563045501709,0.5556274056434631
malignant_malignant (209),0.34037570901337033,0.20509202647179536,445.28753662109375,0.5655092000961304
malignant_malignant (21),0.8069195073721792,0.6763328311533545,41.773197174072266,0.5630134344100952
malignant_malignant (210),0.8613788019866128,0.7565104211040321,39.051246643066406,0.5365166068077087
malignant_malignant (22),0.8063304325870847,0.6755055625113476,43.0,0.5460471510887146
malignant_malignant (23),0.8451352987043549,0.7318045981980117,45.650848388671875,0.5487204790115356
malignant_malignant (24),0.8214082873132064,0.6969404913269596,41.86884307861328,0.5505963563919067
malignant_malignant (25),0.7962038860891801,0.6614109124368162,55.90169906616211,0.5362899899482727
malignant_malignant (26),0.8401499717532643,0.7243608667455222,23.430749893188477,0.5913045406341553
malignant_malignant (27),0.4954678196277974,0.3293168641375181,611.2207641601562,0.4842056334018707
malignant_malignant (28),0.6916472166222223,0.528639695206344,449.16033935546875,0.5005574226379395
malignant_malignant (29),0.778008820344172,0.6366730245664708,57.28001403808594,0.5578809976577759
malignant_malignant (3),0.716550412176778,0.5583003952611961,53.075416564941406,0.5751292109489441
malignant_malignant (30),0.8243253177926558,0.701150862792651,48.332183837890625,0.5398135781288147
malignant_malignant (31),0.8154945592124196,0.6884683945989549,73.43704986572266,0.5439648032188416
malignant_malignant (32),0.7709118429986667,0.6272225784686356,54.57162857055664,0.5415886044502258
malignant_malignant (33),0.8333737130209061,0.7143450497583405,48.27007293701172,0.5336604118347168
malignant_malignant (34),0.8130830728192232,0.6850378945680636,34.058773040771484,0.584848165512085
malignant_malignant (35),0.8493480276235641,0.7381450238772402,47.434165954589844,0.557854413986206
malignant_malignant (36),0.69920716343208,0.5375238422121773,115.43396759033203,0.56719571352005
malignant_malignant (37),0.7780960064546629,0.6367898055540036,75.45197296142578,0.5413827896118164
malignant_malignant (38),0.921251554876208,0.8540003548023518,3.0,0.5558021664619446
malignant_malignant (39),0.8546695567644605,0.7462209372090948,21.260292053222656,0.5385332703590393
malignant_malignant (4),0.7884920386794126,0.6508352102134869,31.0,0.5558128952980042
malignant_malignant (40),0.7845476576287174,0.6454779264313873,71.17584228515625,0.5492942929267883
malignant_malignant (41),0.7670003969489393,0.6220605384240689,50.990196228027344,0.48098212480545044
malignant_malignant (42),0.85643838947239,0.7489219484013678,22.022714614868164,0.5430592894554138
malignant_malignant (43),0.5869289439483469,0.4153569924426432,434.22760009765625,0.5739109516143799
malignant_malignant (44),0.7356898715046989,0.581890356590197,403.1801452636719,0.5066816806793213
malignant_malignant (45),0.8247761232386654,0.701803409161783,36.400550842285156,0.5832919478416443
malignant_malignant (46),0.806186059262676,0.6753029360401254,23.34523582458496,0.5968151688575745
malignant_malignant (47),0.8067072247953293,0.6760346174538924,402.0,0.581688404083252
malignant_malignant (48),0.748925158259707,0.5986253845702871,449.29833984375,0.5186606645584106
malignant_malignant (49),0.7834755779958851,0.6440278253584356,22.825424194335938,0.6008777618408203
malignant_malignant (5),0.6846168082597439,0.5204694818677565,76.89603424072266,0.5602198839187622
malignant_malignant (50),0.6509354655840016,0.482508767357313,112.89818572998047,0.5472428798675537
malignant_malignant (51),0.7140242097242776,0.5552392316600612,167.09278869628906,0.5697607398033142
malignant_malignant (52),0.7787250356708232,0.637632849617349,391.00225830078125,0.5778294205665588
malignant_malignant (53),0.5847873876008752,0.413215217614909,457.8569641113281,0.5902664065361023
malignant_malignant (54),0.7486908345787352,0.5983260214746545,421.9327392578125,0.5441544055938721
malignant_malignant (55),0.6288053345681919,0.4585821039303322,456.3292541503906,0.5816351771354675
malignant_malignant (56),0.8976080628332107,0.8142367814667986,18.867961883544922,0.5372370481491089
malignant_malignant (57),0.8252762757295053,0.7025279720497748,56.00892639160156,0.5258959531784058
malignant_malignant (58),0.9316300999675996,0.8720108081851029,5.0,0.5356144905090332
malignant_malignant (59),0.8753408081969275,0.7783165020809566,26.172504425048828,0.5430926084518433
malignant_malignant (6),0.8332442615514973,0.7141548432934356,26.4007568359375,0.5705072283744812
malignant_malignant (60),0.8766729041216151,0.7804253163115333,19.646883010864258,0.5463535785675049
malignant_malignant (61),0.6620713648952786,0.49484804161393064,398.1519775390625,0.5703520178794861
malignant_malignant (62),0.8985740464636924,0.8158279215949823,10.0,0.5506048798561096
malignant_malignant (63),0.845595729064213,0.7324953227862364,42.8018684387207,0.5211480259895325
malignant_malignant (64),0.6237129177174405,0.45318518625177934,242.71347045898438,0.5594615340232849
malignant_malignant (65),0.8289654579843082,0.7078915507996498,23.021728515625,0.5550480484962463
malignant_malignant (66),0.8463444491980475,0.7336197087698179,24.0,0.56244295835495
malignant_malignant (67),0.7576861662262341,0.6098991620563855,36.055511474609375,0.5613182783126831
malignant_malignant (68),0.9039231253234068,0.8246895324658735,18.027755737304688,0.5648094415664673
malignant_malignant (69),0.6642808729854179,0.4973207761671079,97.26766967773438,0.5524930357933044
malignant_malignant (7),0.8231053683017545,0.6993874779737745,19.84943389892578,0.5647901296615601
malignant_malignant (70),0.8178146576510773,0.6917820990984047,45.17742919921875,0.5712618231773376
malignant_malignant (71),0.8973993361237362,0.8138933391979187,13.03840446472168,0.545886218547821
malignant_malignant (72),0.9063082303702062,0.8286687854268019,19.0,0.5302221775054932
malignant_malignant (73),0.6059648898621889,0.4346840947265994,421.455810546875,0.583049476146698
malignant_malignant (74),0.5714226217362203,0.3999941693286948,446.0907897949219,0.5707422494888306
malignant_malignant (75),0.5435219684962751,0.37317553491456856,398.0,0.5372464060783386
malignant_malignant (76),0.7125596577782184,0.5534700400559904,127.34598541259766,0.5514070987701416
malignant_malignant (77),0.8297843195313014,0.7090866524709691,29.96664810180664,0.5990544557571411
malignant_malignant (78),0.8390591625070719,0.7227406732630657,31.906112670898438,0.5838634371757507
malignant_malignant (79),0.7644553844851447,0.618719368679056,56.080299377441406,0.5482581257820129
malignant_malignant (8),0.8132944438456425,0.6853380264633411,26.925823211669922,0.5624514818191528
malignant_malignant (80),0.5987023309992584,0.42724850275955617,296.94781494140625,0.5686633586883545
malignant_malignant (81),0.875894545951505,0.7791925061817148,14.21267032623291,0.5567484498023987
malignant_malignant (82),0.8620049551841449,0.7574768968563911,20.248456954956055,0.556993842124939
malignant_malignant (83),0.8118428556526515,0.6832790254366048,31.0,0.5422998070716858
malignant_malignant (84),0.8600030081727861,0.7543905943079544,28.17800521850586,0.5206987857818604
malignant_malignant (85),0.9051799126500858,0.8267841658272166,13.892443656921387,0.5391373038291931
malignant_malignant (86),0.8190251829787873,0.6935162131950995,63.65532302856445,0.5424514412879944
malignant_malignant (87),0.7289057970286583,0.5734475032033,445.3531494140625,0.5220600962638855
malignant_malignant (88),0.9248214501496141,0.8601561575788459,4.0,0.5776858925819397
malignant_malignant (89),0.7825776496137343,0.6428152476139855,95.18928527832031,0.5401625633239746
malignant_malignant (9),0.83084321060807,0.7106345514551632,24.413110733032227,0.5683943629264832
malignant_malignant (90),0.870247735458386,0.770299615918436,17.69180679321289,0.557819128036499
malignant_malignant (91),0.8000126918993955,0.6666842944918926,49.28233337402344,0.5462165474891663
malignant_malignant (92),0.8328553401412347,0.713583644587988,21.095022201538086,0.5839040279388428
malignant_malignant (93),0.8680213035514077,0.7668177027318686,46.09263610839844,0.5436677932739258
malignant_malignant (94),0.7597446145382095,0.6125711070837889,96.00521087646484,0.5577868819236755
malignant_malignant (95),0.7883259826047416,0.6506089684917545,180.863037109375,0.5888174176216125
malignant_malignant (96),0.7350361215950074,0.581072814919302,45.45327377319336,0.5745621919631958
malignant_malignant (97),0.6802674984731495,0.5154586233858183,65.6201171875,0.5795766711235046
malignant_malignant (98),0.6764956694200563,0.5111397475583981,385.0,0.5876110792160034
malignant_malignant (99),0.6262437366296525,0.45586233404769416,402.5096435546875,0.5986355543136597
