probe,position,lambda,dataset,dice,iou,hd95,baseline_dice,delta_vs_baseline
original,early,0.1,isic2018_test,0.9564,0.9189,3.81,0.9545,0.0019
original,early,0.1,ph2,0.9578,0.9202,2.04,0.9557,0.0021
original,early,0.1,busi,0.7467,0.6279,279.23,0.7775,-0.0308
original,early,0.1,cbis_ddsm,0.1654,0.1157,570.43,0.4979,-0.3325
original,early,10.0,isic2018_test,0.9546,0.9157,4.2,0.9545,0.0001
original,early,10.0,ph2,0.9571,0.919,2.64,0.9557,0.0014
original,early,10.0,busi,0.8209,0.7136,120.57,0.7775,0.0434
original,early,10.0,cbis_ddsm,0.5148,0.3898,224.05,0.4979,0.0169
original,early,1.0,isic2018_test,0.9572,0.9204,3.59,0.9545,0.0027
original,early,1.0,ph2,0.9597,0.9233,1.8,0.9557,0.004
original,early,1.0,busi,0.7906,0.6789,168.68,0.7775,0.0131
original,early,1.0,cbis_ddsm,0.4062,0.2967,351.08,0.4979,-0.0917
oodonly,early,0.1,isic2018_test,0.9555,0.9174,4.12,0.9545,0.001
oodonly,early,0.1,ph2,0.9576,0.9198,2.23,0.9557,0.0019
oodonly,early,0.1,busi,0.725,0.6042,246.8,0.7775,-0.0525
oodonly,early,0.1,cbis_ddsm,0.4241,0.3119,343.32,0.4979,-0.0738
oodonly,early,10.0,isic2018_test,0.9536,0.9138,4.0,0.9545,-0.0009
oodonly,early,10.0,ph2,0.9589,0.9222,1.99,0.9557,0.0032
oodonly,early,10.0,busi,0.3983,0.3104,201.32,0.7775,-0.3792
oodonly,early,10.0,cbis_ddsm,0.034,0.0226,624.72,0.4979,-0.4639
oodonly,early,1.0,isic2018_test,0.9569,0.92,4.03,0.9545,0.0024
oodonly,early,1.0,ph2,0.9585,0.9213,1.94,0.9557,0.0028
oodonly,early,1.0,busi,0.7834,0.6702,190.48,0.7775,0.0059
oodonly,early,1.0,cbis_ddsm,0.4361,0.3239,310.41,0.4979,-0.0618
original,mid,0.1,isic2018_test,0.9567,0.9193,3.74,0.9545,0.0022
original,mid,0.1,ph2,0.9571,0.9189,2.52,0.9557,0.0014
original,mid,0.1,busi,0.751,0.6351,224.91,0.7775,-0.0265
original,mid,0.1,cbis_ddsm,0.3145,0.2252,420.92,0.4979,-0.1834
original,mid,10.0,isic2018_test,0.9546,0.9156,4.05,0.9545,0.0001
original,mid,10.0,ph2,0.9554,0.916,2.83,0.9557,-0.0003
original,mid,10.0,busi,0.8049,0.696,126.61,0.7775,0.0274
original,mid,10.0,cbis_ddsm,0.4682,0.356,275.18,0.4979,-0.0297
original,mid,1.0,isic2018_test,0.9571,0.92,3.55,0.9545,0.0026
original,mid,1.0,ph2,0.959,0.9222,2.15,0.9557,0.0033
original,mid,1.0,busi,0.7584,0.6424,205.75,0.7775,-0.0191
original,mid,1.0,cbis_ddsm,0.4333,0.3297,275.22,0.4979,-0.0646
oodonly,mid,0.1,isic2018_test,0.957,0.9199,3.71,0.9545,0.0025
oodonly,mid,0.1,ph2,0.9582,0.9206,1.84,0.9557,0.0025
oodonly,mid,0.1,busi,0.7911,0.6822,152.77,0.7775,0.0136
oodonly,mid,0.1,cbis_ddsm,0.4378,0.3352,310.28,0.4979,-0.0601
oodonly,mid,10.0,isic2018_test,0.9502,0.9077,4.58,0.9545,-0.0043
oodonly,mid,10.0,ph2,0.9542,0.9137,3.2,0.9557,-0.0015
oodonly,mid,10.0,busi,0.7519,0.6258,105.78,0.7775,-0.0256
oodonly,mid,10.0,cbis_ddsm,0.2414,0.1725,293.82,0.4979,-0.2565
oodonly,mid,1.0,isic2018_test,0.9578,0.9213,3.65,0.9545,0.0033
oodonly,mid,1.0,ph2,0.959,0.9221,1.96,0.9557,0.0033
oodonly,mid,1.0,busi,0.7911,0.6793,183.83,0.7775,0.0136
oodonly,mid,1.0,cbis_ddsm,0.3637,0.2654,443.5,0.4979,-0.1342
original,late,0.1,isic2018_test,0.9572,0.9203,3.64,0.9545,0.0027
original,late,0.1,ph2,0.9578,0.9201,2.28,0.9557,0.0021
original,late,0.1,busi,0.7493,0.6307,220.31,0.7775,-0.0282
original,late,0.1,cbis_ddsm,0.3936,0.288,316.41,0.4979,-0.1043
original,late,10.0,isic2018_test,0.9517,0.9103,4.31,0.9545,-0.0028
original,late,10.0,ph2,0.9539,0.9131,3.08,0.9557,-0.0018
original,late,10.0,busi,0.8289,0.7239,89.59,0.7775,0.0514
original,late,10.0,cbis_ddsm,0.5261,0.4086,168.34,0.4979,0.0282
original,late,1.0,isic2018_test,0.9544,0.9153,4.08,0.9545,-0.0001
original,late,1.0,ph2,0.9565,0.9177,2.46,0.9557,0.0008
original,late,1.0,busi,0.7625,0.642,200.24,0.7775,-0.015
original,late,1.0,cbis_ddsm,0.5498,0.4299,236.05,0.4979,0.0519
oodonly,late,0.1,isic2018_test,0.9572,0.9203,3.71,0.9545,0.0027
oodonly,late,0.1,ph2,0.9576,0.9198,2.29,0.9557,0.0019
oodonly,late,0.1,busi,0.7759,0.6619,187.99,0.7775,-0.0016
oodonly,late,0.1,cbis_ddsm,0.4311,0.321,296.71,0.4979,-0.0668
oodonly,late,10.0,isic2018_test,0.9559,0.9178,3.63,0.9545,0.0014
oodonly,late,10.0,ph2,0.9594,0.9229,1.89,0.9557,0.0037
oodonly,late,10.0,busi,0.8127,0.7047,117.15,0.7775,0.0352
oodonly,late,10.0,cbis_ddsm,0.536,0.4021,252.7,0.4979,0.0381
oodonly,late,1.0,isic2018_test,0.9577,0.9211,3.51,0.9545,0.0032
oodonly,late,1.0,ph2,0.9589,0.9221,2.19,0.9557,0.0032
oodonly,late,1.0,busi,0.7825,0.667,187.77,0.7775,0.005
oodonly,late,1.0,cbis_ddsm,0.5004,0.3784,299.8,0.4979,0.0025
