image_id,dice,iou,hd95,iou_pred,drift,drift_enc
benign_benign (1),0.9057459677538122,0.8277291571101498,2.0,0.5006674528121948,0.07375746965408325,0.0
benign_benign (10),0.9763792238642115,0.9538485800868074,0.0,0.5375319123268127,0.03338378667831421,0.0
benign_benign (100),0.5709157355175858,0.3994976011632155,159.05030822753906,0.43997514247894287,0.07004415988922119,0.0
benign_benign (101),0.9027551054434901,0.8227471459908461,4.0,0.4866533577442169,0.061260223388671875,0.0
benign_benign (102),0.9625065023412178,0.9277229250245348,0.0,0.48446714878082275,0.04799598455429077,0.0
benign_benign (103),0.9549781824197585,0.9138356408973215,0.0,0.5280484557151794,0.03492116928100586,0.0
benign_benign (104),0.8949903660949549,0.8099389712500067,3.0,0.42818644642829895,0.06711471080780029,0.0
benign_benign (105),0.9512763659118973,0.9070801257775626,0.0,0.5107445120811462,0.0506020188331604,0.0
benign_benign (106),0.9384061593856012,0.8839596872994273,1.4142135381698608,0.4823864698410034,0.052739620208740234,0.0
benign_benign (107),0.9199047295016467,0.8516885080707456,3.0,0.5382838845252991,0.04617196321487427,0.0
benign_benign (108),0.831242158095495,0.7112184648494037,15.231546401977539,0.5271909236907959,0.0625048279762268,0.0
benign_benign (109),0.9559230428689408,0.9155676086330259,0.0,0.5465536713600159,0.03753894567489624,0.0
benign_benign (11),0.9160946624407238,0.8451795841502496,2.0,0.4807400405406952,0.0828700065612793,0.0
benign_benign (110),0.9541145111711059,0.9122552338303805,0.0,0.5281767249107361,0.03325241804122925,0.0
benign_benign (111),0.8895979998720442,0.801149493405158,5.0,0.5086120367050171,0.04518383741378784,0.0
benign_benign (112),0.9178231843043567,0.8481268227138169,2.8284270763397217,0.47988876700401306,0.04342925548553467,0.0
benign_benign (113),0.9495327588678398,0.9039146788106525,1.0,0.5604727268218994,0.03706556558609009,0.0
benign_benign (114),0.8432217376965964,0.7289398194775103,22.671567916870117,0.4200899600982666,0.03579682111740112,0.0
benign_benign (115),0.9196299597406143,0.8512175694213008,3.0,0.5046831965446472,0.05089527368545532,0.0
benign_benign (116),0.9208471825028659,0.8533056371425181,2.2360680103302,0.42642924189567566,0.06898617744445801,0.0
benign_benign (117),0.9155372802434537,0.8442312156680248,3.605551242828369,0.49520283937454224,0.03769415616989136,0.0
benign_benign (118),0.9337279167807453,0.8756938603938496,2.0,0.4897930324077606,0.05245482921600342,0.0
benign_benign (119),0.9184489654008673,0.8491961414912221,2.2360680103302,0.4890490174293518,0.048963069915771484,0.0
benign_benign (12),0.8669059583727993,0.7650785605974305,5.0,0.47202709317207336,0.08189058303833008,0.0
benign_benign (120),0.8422050229280991,0.7274215553267608,5.0,0.4690457880496979,0.06228715181350708,0.0
benign_benign (121),0.9379198314095588,0.8830970195551425,2.0,0.4842154085636139,0.04401671886444092,0.0
benign_benign (122),0.9239644557492057,0.8586746605984298,3.0,0.556669294834137,0.040198683738708496,0.0
benign_benign (123),0.9491487837335032,0.9032189990762914,1.0,0.5763976573944092,0.03757882118225098,0.0
benign_benign (124),0.9143006672794897,0.8421306338952937,3.0,0.5011208057403564,0.04268074035644531,0.0
benign_benign (125),0.9387356168670872,0.8845445412018969,1.0,0.4362780749797821,0.06261652708053589,0.0
benign_benign (126),0.9088166408674202,0.832872526205408,3.1622776985168457,0.45350900292396545,0.0537533164024353,0.0
benign_benign (127),0.9378317801127217,0.8829409151553231,1.0,0.4922988712787628,0.06455665826797485,0.0
benign_benign (128),0.9421178981080915,0.8905698436781032,1.0,0.43894028663635254,0.05685269832611084,0.0
benign_benign (129),0.9405416768879667,0.8877571268015241,1.0,0.46850860118865967,0.0479312539100647,0.0
benign_benign (13),0.9754880501130906,0.9521490210250257,0.0,0.5376448631286621,0.032285869121551514,0.0
benign_benign (130),0.9650894010472747,0.9325340778464027,0.0,0.5595177412033081,0.037531256675720215,0.0
benign_benign (131),0.9649245453281504,0.9322262845409485,0.0,0.5474019050598145,0.04613298177719116,0.0
benign_benign (132),0.9529428404026238,0.910115395009451,0.0,0.45024874806404114,0.04089486598968506,0.0
benign_benign (133),0.8833938040813065,0.7911417716665525,4.4721360206604,0.46844062209129333,0.06324934959411621,0.0
benign_benign (134),0.8669993025448254,0.765223979565752,6.0,0.44465556740760803,0.06526285409927368,0.0
benign_benign (135),0.9006275053012524,0.8192196090478306,5.0,0.48840394616127014,0.04843580722808838,0.0
benign_benign (136),0.9459824547791944,0.8975016204143097,1.0,0.4920356869697571,0.033916354179382324,0.0
benign_benign (137),0.9577187807292293,0.9188679245341895,0.0,0.5037124156951904,0.04790419340133667,0.0
benign_benign (138),0.8996491228187545,0.8176020408551016,2.2360680103302,0.48860055208206177,0.08544468879699707,0.0
benign_benign (139),0.9485145659077431,0.9020710464979181,1.0,0.5225314497947693,0.03919780254364014,0.0
benign_benign (14),0.8942630329857492,0.8087484272216159,4.0,0.45759379863739014,0.06303644180297852,0.0
benign_benign (140),0.9487231137672216,0.9024483713012919,1.0,0.5302408337593079,0.037742435932159424,0.0
benign_benign (141),0.8985095128286522,0.8157215366754663,23.25940704345703,0.49893203377723694,0.09718489646911621,0.0
benign_benign (142),0.9133210234812281,0.8404699485541829,2.8284270763397217,0.46607956290245056,0.06502652168273926,0.0
benign_benign (143),0.8987425546091763,0.8161057692623445,2.8284270763397217,0.4732597768306732,0.05846881866455078,0.0
benign_benign (144),0.8502901354254758,0.7395693136811677,3.1622776985168457,0.5040345191955566,0.06279468536376953,0.0
benign_benign (145),0.9147901469522468,0.8429615197348777,3.605551242828369,0.4790709912776947,0.0589829683303833,0.0
benign_benign (146),0.8919540229984411,0.8049792531444018,3.0,0.4853333830833435,0.0514642596244812,0.0
benign_benign (147),0.8682101817482794,0.7671125572567419,7.071067810058594,0.5189496874809265,0.04862809181213379,0.0
benign_benign (148),0.9391443972939655,0.8852707144117525,2.0,0.5397728681564331,0.038783252239227295,0.0
benign_benign (149),0.9308028261198189,0.8705623704032138,2.2360680103302,0.5117929577827454,0.05028122663497925,0.0
benign_benign (15),0.9122385188800048,0.8386383731389657,2.2360680103302,0.4374183118343353,0.06288391351699829,0.0
benign_benign (150),0.9152227722859713,0.8436965202807194,2.0,0.46773573756217957,0.06413978338241577,0.0
benign_benign (151),0.9175586426828992,0.847675152551265,2.0,0.5249687433242798,0.06447887420654297,0.0
benign_benign (152),0.9339610765629927,0.8761041046719723,4.0,0.4611683189868927,0.03424471616744995,0.0
benign_benign (153),0.9209415584479755,0.8534677298249634,2.0,0.4670305550098419,0.0825432538986206,0.0
benign_benign (154),0.9297930869555201,0.8687974966619583,1.4142135381698608,0.452210932970047,0.07954341173171997,0.0
benign_benign (155),0.9723942652330738,0.9462717386000358,0.0,0.5445656180381775,0.04274493455886841,0.0
benign_benign (156),0.9337468134889031,0.875727102441303,2.0,0.4992258548736572,0.04413348436355591,0.0
benign_benign (157),0.965740435824742,0.933750548969395,0.0,0.5319840312004089,0.03249412775039673,0.0
benign_benign (158),0.963594899969028,0.9297473545242827,0.0,0.5174992680549622,0.033412933349609375,0.0
benign_benign (159),0.9039755351740688,0.8247767857338418,3.0,0.4808647930622101,0.09275740385055542,0.0
benign_benign (16),0.8993067794677884,0.8170367207710251,3.1622776985168457,0.4805925190448761,0.06433480978012085,0.0
benign_benign (160),0.8879897785408865,0.7985446189392431,4.0,0.4591105282306671,0.05626159906387329,0.0
benign_benign (161),0.9101436656547608,0.8351042582220097,3.0,0.4628956615924835,0.06905925273895264,0.0
benign_benign (162),0.910774410783799,0.8361669242974948,2.0,0.4978494346141815,0.058995962142944336,0.0
benign_benign (163),0.41585022797032084,0.2625068887617872,164.07391357421875,0.4511748254299164,0.048660457134246826,0.0
benign_benign (164),0.8618769136655394,0.7572791765801985,27.459060668945312,0.5681605339050293,0.036121249198913574,0.0
benign_benign (165),0.8654042988855848,0.7627424447808235,5.0,0.4769549071788788,0.056125760078430176,0.0
benign_benign (166),0.9103839402299868,0.8355089226837815,3.0,0.4541168510913849,0.055080413818359375,0.0
benign_benign (167),0.8863733905640357,0.7959340977169348,4.4721360206604,0.45665422081947327,0.05532503128051758,0.0
benign_benign (168),0.9698647424614036,0.941492619890899,0.0,0.5444762110710144,0.03891259431838989,0.0
benign_benign (169),0.8961940920551723,0.8119127517094106,2.84551739692688,0.4443691074848175,0.07028704881668091,0.0
benign_benign (17),0.8938192497692212,0.8080227843305646,5.0,0.4888449013233185,0.047487497329711914,0.0
benign_benign (170),0.9314135250362429,0.8716313998538814,2.8284270763397217,0.5287418961524963,0.04896950721740723,0.0
benign_benign (171),0.8903654485160208,0.8023952096166947,3.0,0.4728930592536926,0.07077550888061523,0.0
benign_benign (172),0.8944361809934589,0.8090317045661962,5.830951690673828,0.47745975852012634,0.05129176378250122,0.0
benign_benign (173),0.7870359564359533,0.6488534929071195,93.64827728271484,0.4451887309551239,0.04963064193725586,0.0
benign_benign (174),0.9671458542182948,0.9363818290980951,0.0,0.5106467604637146,0.03342348337173462,0.0
benign_benign (175),0.9173661259730278,0.8473465942482504,5.0,0.5294678807258606,0.04515421390533447,0.0
benign_benign (176),0.8302019452431467,0.7096968078195741,10.0,0.48744654655456543,0.05242300033569336,0.0
benign_benign (177),0.9358327325191135,0.8794037940481535,1.0,0.4725959599018097,0.06367260217666626,0.0
benign_benign (178),0.9576705596367009,0.9187791523027938,0.0,0.5252214074134827,0.03255963325500488,0.0
benign_benign (179),0.8621295280063525,0.7576693035389408,5.0,0.5189117193222046,0.0782729983329773,0.0
benign_benign (18),0.9479418465556445,0.9010355971791133,1.0,0.4562898576259613,0.03145509958267212,0.0
benign_benign (180),0.9600563633880648,0.9231811509683021,0.0,0.5626220107078552,0.038065433502197266,0.0
benign_benign (181),0.9288851994054808,0.8672134853245151,3.0,0.5191863179206848,0.03868722915649414,0.0
benign_benign (182),0.8865300463633928,0.7961867704438765,5.0,0.4738868474960327,0.06471806764602661,0.0
benign_benign (183),0.9202821649341231,0.8523358002020889,2.2360680103302,0.44733306765556335,0.07587540149688721,0.0
benign_benign (184),0.9325950924561183,0.8737032084689218,2.8284270763397217,0.467174232006073,0.10502296686172485,0.0
benign_benign (185),0.883819778982444,0.7918253364062167,4.0,0.4343860447406769,0.050118446350097656,0.0
benign_benign (186),0.9521395254515302,0.9086510547717649,0.0,0.5560721755027771,0.02463829517364502,0.0
benign_benign (187),0.8346322800115265,0.7161964980717294,11.704699516296387,0.44192734360694885,0.0441126823425293,0.0
benign_benign (188),0.94789950816261,0.9009590961290226,1.0,0.487020343542099,0.06466662883758545,0.0
benign_benign (189),0.9116110225008739,0.8375783303176089,2.2360680103302,0.4957232177257538,0.06195485591888428,0.0
benign_benign (19),0.9366520253844166,0.8808518450741964,1.0,0.46002545952796936,0.06439781188964844,0.0
benign_benign (190),0.9541738495872465,0.9123637319750787,0.0,0.5216931700706482,0.03882819414138794,0.0
benign_benign (191),0.9220779220803664,0.855421686755403,3.0,0.5503841638565063,0.04493492841720581,0.0
benign_benign (192),0.9413243922892945,0.8891528107713882,1.0,0.560012936592102,0.02980625629425049,0.0
benign_benign (193),0.9273359792284122,0.8645167184483358,2.0,0.4647976756095886,0.07457458972930908,0.0
benign_benign (194),0.8935316499499563,0.8075528323181332,6.4031243324279785,0.5093895196914673,0.030975520610809326,0.0
benign_benign (195),0.9065096127093046,0.8290055616817628,9.433980941772461,0.4875141978263855,0.06413877010345459,0.0
benign_benign (196),0.8757862953971906,0.779021187710658,9.486832618713379,0.42785879969596863,0.08316224813461304,0.0
benign_benign (197),0.87775755369939,0.7821461009613244,6.324555397033691,0.5085486173629761,0.0625072717666626,0.0
benign_benign (198),0.9564206311137484,0.9164809688935429,0.0,0.5415184497833252,0.03747802972793579,0.0
benign_benign (199),0.9247565927350988,0.860043955152244,5.830951690673828,0.44940003752708435,0.05160987377166748,0.0
benign_benign (2),0.9597335188361551,0.9225842956733987,0.0,0.4882561266422272,0.03341144323348999,0.0
benign_benign (20),0.9384696352576716,0.8840723416204852,2.0,0.5192665457725525,0.03515136241912842,0.0
benign_benign (200),0.9504369134034921,0.9055548213742011,0.0,0.5346481204032898,0.03492778539657593,0.0
benign_benign (201),0.7448941254302627,0.5934910675895998,24.0,0.5347813963890076,0.051521122455596924,0.0
benign_benign (202),0.8851478379862291,0.7939598344635965,3.605551242828369,0.4154818654060364,0.06565332412719727,0.0
benign_benign (203),0.9236650447413185,0.8581576211282332,5.0,0.5264246463775635,0.06839990615844727,0.0
benign_benign (204),0.86808455716396,0.7669164359054094,12.0,0.4653943181037903,0.026316285133361816,0.0
benign_benign (205),0.7734696710318478,0.6306160172030986,40.45985794067383,0.4628290832042694,0.058450162410736084,0.0
benign_benign (206),0.9117633846355285,0.8378356064885929,5.099019527435303,0.6022357940673828,0.04089057445526123,0.0
benign_benign (207),0.8554754161708493,0.7474504508324017,18.439088821411133,0.5090816020965576,0.06520205736160278,0.0
benign_benign (208),0.8822146311218573,0.7892522622805801,5.0,0.46321043372154236,0.058735013008117676,0.0
benign_benign (209),0.9390491193387231,0.8851014089882763,1.4142135381698608,0.5272623300552368,0.045389413833618164,0.0
benign_benign (21),0.9106283335559627,0.8359207069696775,2.8284270763397217,0.4512750804424286,0.07921391725540161,0.0
benign_benign (210),0.8322419179839137,0.7126835008057909,43.46262741088867,0.5702336430549622,0.0721355676651001,0.0
benign_benign (211),0.8530784112935849,0.7437983727057056,8.062257766723633,0.5356197357177734,0.05221664905548096,0.0
benign_benign (212),0.9102666886751027,0.835311428233181,5.0,0.4916817247867584,0.07564955949783325,0.0
benign_benign (213),0.9499822818375706,0.9047297635142061,1.0,0.5966452956199646,0.03937619924545288,0.0
benign_benign (214),0.9070186384535004,0.8298573702772217,7.0,0.5621119141578674,0.06312006711959839,0.0
benign_benign (215),0.9005369470744793,0.8190697674488733,5.0,0.5266249179840088,0.054703474044799805,0.0
benign_benign (216),0.929262195323104,0.867870912248777,3.0,0.545293927192688,0.045131564140319824,0.0
benign_benign (217),0.9483838940984645,0.9018346987810443,1.0,0.549714982509613,0.045961201190948486,0.0
benign_benign (218),0.8946833506369609,0.8094362381614664,12.0,0.5862383246421814,0.045448124408721924,0.0
benign_benign (219),0.8162197514755566,0.6895027624423756,13.892443656921387,0.5291377305984497,0.04013699293136597,0.0
benign_benign (22),0.9619340997858158,0.9266599544287238,0.0,0.5156732201576233,0.04411119222640991,0.0
benign_benign (220),0.8817387723907866,0.78849087371026,8.9442720413208,0.5605496764183044,0.04306948184967041,0.0
benign_benign (221),0.8519950050632101,0.7421526986696205,7.071067810058594,0.46161994338035583,0.07662713527679443,0.0
benign_benign (222),0.8775286624219423,0.7817826906103053,9.486832618713379,0.5695264935493469,0.041218698024749756,0.0
benign_benign (223),0.8868378218428744,0.796683393712516,6.7082037925720215,0.48234447836875916,0.05893641710281372,0.0
benign_benign (224),0.9197716040199582,0.8514603091747769,5.656854152679443,0.5544435381889343,0.028320908546447754,0.0
benign_benign (225),0.9161202956619521,0.845223221725695,4.123105525970459,0.4880187511444092,0.03989243507385254,0.0
benign_benign (226),0.7729282772023728,0.6298965764167083,31.400636672973633,0.4758985638618469,0.045570969581604004,0.0
benign_benign (227),0.8859871296995181,0.7953113947995786,7.071067810058594,0.509953498840332,0.04357302188873291,0.0
benign_benign (228),0.8543160842928856,0.7456821838740828,25.961509704589844,0.46845653653144836,0.1059563159942627,0.0
benign_benign (229),0.9424587605313277,0.8911792045157257,1.0,0.5919097661972046,0.046473145484924316,0.0
benign_benign (23),0.9434338636910065,0.8929245707117476,1.0,0.5080398321151733,0.03237259387969971,0.0
benign_benign (230),0.9390741463112493,0.8851458780530022,1.4142135381698608,0.5407647490501404,0.03976333141326904,0.0
benign_benign (231),0.8953449983502774,0.8105200239123812,8.9442720413208,0.542920708656311,0.03573662042617798,0.0
benign_benign (232),0.9144532267874818,0.842389521440863,6.7082037925720215,0.5255709290504456,0.026773691177368164,0.0
benign_benign (233),0.9034607644719507,0.8239201436667126,14.0,0.5327904224395752,0.10077667236328125,0.0
benign_benign (234),0.931662297824085,0.8720672273636141,4.0,0.5709224343299866,0.0354619026184082,0.0
benign_benign (235),0.9345561412941569,0.8771519340587607,2.8284270763397217,0.4933031499385834,0.04666990041732788,0.0
benign_benign (236),0.8788889953451342,0.7839446689010579,18.601076126098633,0.48469388484954834,0.10106551647186279,0.0
benign_benign (237),0.9214414775095929,0.85432682445709,5.830951690673828,0.5193085074424744,0.033666908740997314,0.0
benign_benign (238),0.9535992160916748,0.9113135528534652,0.0,0.5171706080436707,0.05238056182861328,0.0
benign_benign (239),0.9102271258046324,0.8352447995003067,4.123105525970459,0.4624618887901306,0.07694417238235474,0.0
benign_benign (24),0.953522402621106,0.9111732587601024,0.0,0.5065601468086243,0.06586885452270508,0.0
benign_benign (240),0.8780639382922459,0.7826327794087437,19.416488647460938,0.5528507828712463,0.053087711334228516,0.0
benign_benign (241),0.9204308257501833,0.8525908739394318,3.605551242828369,0.5285462737083435,0.039753258228302,0.0
benign_benign (242),0.8848402774269425,0.7934650611184362,15.55634880065918,0.5111680626869202,0.04881322383880615,0.0
benign_benign (243),0.9250622837993787,0.8605729149309653,4.123105525970459,0.475558340549469,0.07313227653503418,0.0
benign_benign (244),0.915901390351305,0.8448506272429689,3.0,0.44904759526252747,0.07093340158462524,0.0
benign_benign (245),0.9006201303886464,0.8192074052721514,5.099019527435303,0.44959965348243713,0.051097214221954346,0.0
benign_benign (246),0.885092963676165,0.7938715380325432,4.123105525970459,0.4426823854446411,0.09014672040939331,0.0
benign_benign (247),0.8907726982241473,0.8030569539756743,5.0,0.4723176956176758,0.06026113033294678,0.0
benign_benign (248),0.882628350020882,0.7899147522186162,5.830951690673828,0.5078629851341248,0.07044541835784912,0.0
benign_benign (249),0.9160043299761461,0.8450258200362556,5.0,0.4726525843143463,0.026010513305664062,0.0
benign_benign (25),0.8123952548449807,0.6840619812017674,10.816654205322266,0.45909827947616577,0.05009865760803223,0.0
benign_benign (250),0.8360277987753051,0.7182540939559009,13.45362377166748,0.45935043692588806,0.04714465141296387,0.0
benign_benign (251),0.9219371331205752,0.8551793790956317,3.0,0.4433184564113617,0.06701254844665527,0.0
benign_benign (252),0.9332586460868731,0.8748687230177201,2.0,0.5346199870109558,0.03691089153289795,0.0
benign_benign (253),0.9246924139755945,0.8599329401145419,3.0,0.5928851366043091,0.03420400619506836,0.0
benign_benign (254),0.8974619289434738,0.8139963167898885,3.0,0.47079983353614807,0.04615318775177002,0.0
benign_benign (255),0.935794532237883,0.8793363317391227,2.2360680103302,0.5140448212623596,0.04505497217178345,0.0
benign_benign (256),0.9182449350666695,0.8488473637274159,6.0,0.49651411175727844,0.07199418544769287,0.0
benign_benign (257),0.8887304150871755,0.7997433090559155,5.656854152679443,0.4634822905063629,0.06621485948562622,0.0
benign_benign (258),0.9190815324181589,0.8502783142167337,3.0,0.4602730870246887,0.06130814552307129,0.0
benign_benign (259),0.9527440459385038,0.9097528089903865,0.0,0.5847560167312622,0.03977721929550171,0.0
benign_benign (26),0.9731377892883428,0.9476809830348278,0.0,0.5184676051139832,0.029339969158172607,0.0
benign_benign (260),0.9214323797543817,0.8543111831466076,4.242640495300293,0.5547541379928589,0.060726046562194824,0.0
benign_benign (261),0.9364459615327144,0.8804874295646657,3.0,0.5501038432121277,0.029118776321411133,0.0
benign_benign (262),0.8040249183889944,0.6722756441603456,30.01666259765625,0.49725180864334106,0.05545729398727417,0.0
benign_benign (263),0.7584721624020999,0.6109183696396151,44.68780517578125,0.4654219448566437,0.04636412858963013,0.0
benign_benign (264),0.9393177225203228,0.8855787849617845,2.0,0.5233922004699707,0.03028184175491333,0.0
benign_benign (265),0.9219573974833319,0.855214251581596,4.123105525970459,0.5402688384056091,0.03315204381942749,0.0
benign_benign (266),0.9380092490647653,0.883255572838087,2.0,0.5532841086387634,0.04287731647491455,0.0
benign_benign (267),0.9287989051897528,0.8670630656478004,2.8284270763397217,0.5944002270698547,0.04125028848648071,0.0
benign_benign (268),0.954591214398955,0.913127216403282,0.0,0.5379568934440613,0.05073511600494385,0.0
benign_benign (269),0.9034942122404831,0.8239757804548248,6.0,0.48613086342811584,0.035402894020080566,0.0
benign_benign (27),0.9448010269594549,0.8953771289602984,1.0,0.48283836245536804,0.058068692684173584,0.0
benign_benign (270),0.9154555122315788,0.8440921719298867,3.605551242828369,0.5601192116737366,0.04330635070800781,0.0
benign_benign (271),0.882120831264693,0.7891021283326596,9.219544410705566,0.5471000075340271,0.04435074329376221,0.0
benign_benign (272),0.8087210171067536,0.6788678627945808,52.201534271240234,0.5389176607131958,0.05734771490097046,0.0
benign_benign (273),0.9351052418719553,0.8781198655877432,3.0,0.4967174530029297,0.06872844696044922,0.0
benign_benign (274),0.9214627737857906,0.8543634391005254,7.0,0.547981321811676,0.03964310884475708,0.0
benign_benign (275),0.9334329877244858,0.8751751901036179,2.0,0.5544469356536865,0.04719918966293335,0.0
benign_benign (276),0.9207163941441652,0.8530810522362108,5.385164737701416,0.5349519848823547,0.0314980149269104,0.0
benign_benign (277),0.937899105032974,0.8830602718424436,2.2360680103302,0.5253250598907471,0.04426306486129761,0.0
benign_benign (278),0.776486803117959,0.6346370477259803,39.39543151855469,0.46748021245002747,0.052198588848114014,0.0
benign_benign (279),0.9246118550933723,0.8597936098460053,3.0,0.5425370931625366,0.03895086050033569,0.0
benign_benign (28),0.9447183766365649,0.8952286818254043,1.0,0.5427244305610657,0.04601311683654785,0.0
benign_benign (280),0.9473936425115153,0.900045525824944,1.0,0.5807444453239441,0.04381084442138672,0.0
benign_benign (281),0.927343453678454,0.8645297107072919,3.605551242828369,0.5546844601631165,0.05854696035385132,0.0
benign_benign (282),0.8995772681200905,0.8174833562235136,6.7082037925720215,0.49031737446784973,0.0273514986038208,0.0
benign_benign (283),0.9175959330961957,0.84773880767762,2.2360680103302,0.4919675886631012,0.0604519248008728,0.0
benign_benign (284),0.9364390888194724,0.8804752778860794,2.2360680103302,0.5636554956436157,0.043449580669403076,0.0
benign_benign (285),0.9201326913539905,0.8520794027082695,5.0,0.5701345801353455,0.05305886268615723,0.0
benign_benign (286),0.9455352968679074,0.896696962980147,1.0,0.5350467562675476,0.036137402057647705,0.0
benign_benign (287),0.9102427647623863,0.8352711368460086,8.602325439453125,0.5178422331809998,0.02980637550354004,0.0
benign_benign (288),0.932231536714907,0.8730652466064533,2.0,0.4334464967250824,0.04121345281600952,0.0
benign_benign (289),0.9272142363391446,0.8643051275919711,4.4721360206604,0.5349776148796082,0.054233014583587646,0.0
benign_benign (29),0.934972026053841,0.8778849466279909,1.0,0.44740042090415955,0.05463045835494995,0.0
benign_benign (290),0.9412547794550902,0.889028598373336,2.0,0.5353211760520935,0.038845181465148926,0.0
benign_benign (291),0.8882475397479065,0.7989616137714732,5.0,0.45824459195137024,0.06716787815093994,0.0
benign_benign (292),0.8862414751522996,0.7957213842883839,7.8102498054504395,0.5341100096702576,0.038938820362091064,0.0
benign_benign (293),0.8822557194531911,0.7893180352702884,9.0,0.5165026783943176,0.03426140546798706,0.0
benign_benign (294),0.9169821913113746,0.8466917016098385,5.385164737701416,0.5089266300201416,0.04460752010345459,0.0
benign_benign (295),0.8901998309204653,0.8021262347262326,8.062257766723633,0.4979647696018219,0.03433722257614136,0.0
benign_benign (296),0.8992803696871852,0.816993124245701,11.704699516296387,0.5735810995101929,0.050265610218048096,0.0
benign_benign (297),0.9433453670285865,0.8927660349886793,1.0,0.5028942823410034,0.04598897695541382,0.0
benign_benign (298),0.9389097922068964,0.8848538845351951,2.0,0.5156335830688477,0.03917229175567627,0.0
benign_benign (299),0.8467165861409084,0.7341791063391371,30.232433319091797,0.5327335596084595,0.03448760509490967,0.0
benign_benign (3),0.9341877771943511,0.8765031561915398,2.0,0.5416204333305359,0.03914552927017212,0.0
benign_benign (30),0.9574999121187647,0.9184650660966776,0.0,0.4525189697742462,0.05857419967651367,0.0
benign_benign (300),0.9404275225255739,0.8875537469298261,2.0,0.4924171268939972,0.05585390329360962,0.0
benign_benign (301),0.9136925358463972,0.8410993811719878,2.0,0.43406203389167786,0.07240837812423706,0.0
benign_benign (302),0.8959867994608997,0.8115725419124814,4.4721360206604,0.4946320056915283,0.05807816982269287,0.0
benign_benign (303),0.9252839899758473,0.8609567377305453,3.1622776985168457,0.6005353331565857,0.04893195629119873,0.0
benign_benign (304),0.9339351457040417,0.876058470496468,3.605551242828369,0.5305835604667664,0.025861620903015137,0.0
benign_benign (305),0.918325901727996,0.8489857556896051,3.1622776985168457,0.4565473794937134,0.04398101568222046,0.0
benign_benign (306),0.8030456304022252,0.6709074721658959,26.925823211669922,0.4580265283584595,0.04028606414794922,0.0
benign_benign (307),0.9444423771081673,0.8947331312171355,1.0,0.5372381806373596,0.035150110721588135,0.0
benign_benign (308),0.768479139581439,0.6240082196687021,18.357559204101562,0.4662277102470398,0.07863634824752808,0.0
benign_benign (309),0.8926350079979011,0.8060892428832763,19.209373474121094,0.467430979013443,0.06264287233352661,0.0
benign_benign (31),0.8912785774859205,0.8038796395595112,3.605551242828369,0.4932841360569,0.09166151285171509,0.0
benign_benign (310),0.8973631574137675,0.8138338233921342,7.8102498054504395,0.41236403584480286,0.06404972076416016,0.0
benign_benign (311),0.8163096949520005,0.6896311404019143,48.754486083984375,0.5361664891242981,0.05277407169342041,0.0
benign_benign (312),0.9528878742310078,0.9100151271111505,0.0,0.5786068439483643,0.0553019642829895,0.0
benign_benign (313),0.8580208668965325,0.7513454861219034,7.8102498054504395,0.4504082202911377,0.06378000974655151,0.0
benign_benign (314),0.8071313258945242,0.6766304987445969,33.61547088623047,0.5116908550262451,0.051589012145996094,0.0
benign_benign (315),0.5862864089418491,0.41471371051095735,105.47511291503906,0.4330027401447296,0.06442022323608398,0.0
benign_benign (316),0.836567899138944,0.719051759462479,95.85926818847656,0.49605146050453186,0.08300727605819702,0.0
benign_benign (317),0.8647902926370878,0.761789021913153,21.948802947998047,0.6016896367073059,0.02480614185333252,0.0
benign_benign (318),0.915176873346624,0.8436185133605378,2.0,0.48312222957611084,0.07128375768661499,0.0
benign_benign (319),0.9531485881571452,0.9104908083186495,0.0,0.500740110874176,0.03388756513595581,0.0
benign_benign (32),0.9180547655808968,0.8485223987094098,5.830951690673828,0.537283182144165,0.05926847457885742,0.0
benign_benign (320),0.9296049296063024,0.8684689936650707,2.2360680103302,0.5456151962280273,0.03799903392791748,0.0
benign_benign (321),0.9248826291197367,0.8602620087743051,1.0,0.49916818737983704,0.06346708536148071,0.0
benign_benign (322),0.9238012205787358,0.8583927414243039,2.0,0.4971662759780884,0.06396257877349854,0.0
benign_benign (323),0.9408800629876497,0.8883602603532441,1.0,0.5483808517456055,0.043328046798706055,0.0
benign_benign (324),0.8438749814957877,0.7299167200858531,6.4031243324279785,0.5034441351890564,0.07293856143951416,0.0
benign_benign (325),0.8858804555062861,0.7951394981755449,4.4721360206604,0.4783466160297394,0.05110090970993042,0.0
benign_benign (326),0.9658772671742981,0.9340064157910778,0.0,0.5090925693511963,0.030475914478302002,0.0
benign_benign (327),0.9733368943492614,0.9480587049367203,0.0,0.5425012111663818,0.03152632713317871,0.0
benign_benign (328),0.8969401479575538,0.8131382411502609,2.8284270763397217,0.4759240448474884,0.07931768894195557,0.0
benign_benign (329),0.9007081735098327,0.8193531069897526,2.8284270763397217,0.4789385199546814,0.07751089334487915,0.0
benign_benign (33),0.9615941130268999,0.9260291424488251,0.0,0.5623831152915955,0.03722643852233887,0.0
benign_benign (330),0.967637228779547,0.9373034903572084,0.0,0.5236507654190063,0.025587022304534912,0.0
benign_benign (331),0.9400838147032483,0.8869416542056561,1.0,0.4845045506954193,0.05905252695083618,0.0
benign_benign (332),0.8913254834238239,0.8039559583158964,4.0,0.4401650130748749,0.0681878924369812,0.0
benign_benign (333),0.8737745330431698,0.7758433445882337,16.278820037841797,0.5007215738296509,0.023267507553100586,0.0
benign_benign (334),0.9227920834236477,0.8566517839560374,3.0,0.4470282196998596,0.044005751609802246,0.0
benign_benign (335),0.8205516871155594,0.6957080510897788,25.0,0.5054662227630615,0.06768965721130371,0.0
benign_benign (336),0.9037010071604938,0.8243198370747057,5.0,0.47583770751953125,0.07036030292510986,0.0
benign_benign (337),0.8930686446201218,0.8067967722510114,6.0,0.5465700626373291,0.03832530975341797,0.0
benign_benign (338),0.9379200150412181,0.8830973451430887,1.0,0.416866272687912,0.04153609275817871,0.0
benign_benign (339),0.9636186580973628,0.9297915922807416,0.0,0.5280166864395142,0.03221487998962402,0.0
benign_benign (34),0.9477583586631102,0.9007040982144664,1.0,0.5506001114845276,0.027371227741241455,0.0
benign_benign (340),0.9235987161123256,0.8580431201055477,6.0,0.5176374912261963,0.03837007284164429,0.0
benign_benign (341),0.9467603372937025,0.898903042505385,1.0,0.4996395409107208,0.031235218048095703,0.0
benign_benign (342),0.931573204895205,0.8719111212519571,5.830951690673828,0.5155539512634277,0.05632525682449341,0.0
benign_benign (343),0.9515511061676458,0.9075798656146695,0.0,0.5450391173362732,0.035015225410461426,0.0
benign_benign (344),0.9026239611550787,0.8225293146612004,9.433980941772461,0.4436217248439789,0.03668928146362305,0.0
benign_benign (345),0.8706347933113731,0.770906335848953,6.0,0.48121631145477295,0.0656474232673645,0.0
benign_benign (346),0.8239183141087787,0.7005621497159596,91.0,0.5465357303619385,0.0375065803527832,0.0
benign_benign (347),0.9009575923426485,0.8197659945344931,4.0,0.4652848541736603,0.06317806243896484,0.0
benign_benign (348),0.9025073692673493,0.8223356986655391,4.0,0.48236677050590515,0.029977619647979736,0.0
benign_benign (349),0.9332994321571517,0.8749404099859664,2.0,0.4357612431049347,0.04725635051727295,0.0
benign_benign (35),0.9206362781185052,0.8529435068653083,2.2360680103302,0.49464279413223267,0.07270234823226929,0.0
benign_benign (350),0.9561291365428051,0.9159458032735107,0.0,0.4459588825702667,0.02723616361618042,0.0
benign_benign (351),0.9422589725555549,0.8908219952799035,1.0,0.48914211988449097,0.05242300033569336,0.0
benign_benign (352),0.9487144232114801,0.9024326445285176,1.0,0.4951648414134979,0.064522385597229,0.0
benign_benign (353),0.8656868182720611,0.7631814848208637,5.656854152679443,0.4896385371685028,0.032406389713287354,0.0
benign_benign (354),0.9451987843177785,0.8960918609740406,1.0,0.4932672679424286,0.030735790729522705,0.0
benign_benign (355),0.9507709351490657,0.9061614541572697,0.0,0.49856260418891907,0.03515046834945679,0.0
benign_benign (356),0.8817571052328008,0.7885201948160788,17.0,0.5159410238265991,0.02870476245880127,0.0
benign_benign (357),0.9220627130028546,0.8553955078160304,3.1622776985168457,0.5787649750709534,0.029878854751586914,0.0
benign_benign (358),0.929733704502025,0.8686938086477034,2.8284270763397217,0.509814977645874,0.0528683066368103,0.0
benign_benign (359),0.9145965861686596,0.8426328630612797,3.0,0.41117939352989197,0.04352927207946777,0.0
benign_benign (36),0.9538469039495181,0.911766076639246,0.0,0.5277154445648193,0.02830517292022705,0.0
benign_benign (360),0.9465345569333659,0.8984960666381653,1.0,0.5610890984535217,0.04266554117202759,0.0
benign_benign (361),0.949501669315707,0.9038583323571729,1.0,0.5473781228065491,0.03518247604370117,0.0
benign_benign (362),0.8822059115301644,0.7892383048350083,5.099019527435303,0.3963238000869751,0.06022799015045166,0.0
benign_benign (363),0.9272739830115506,0.864408962148493,2.0,0.5418741106987,0.06872844696044922,0.0
benign_benign (364),0.9611786630259869,0.9252588763978391,0.0,0.4780086576938629,0.03075432777404785,0.0
benign_benign (365),0.9179687500013242,0.8483754512680617,4.0,0.535947322845459,0.04460173845291138,0.0
benign_benign (366),0.9366374614890187,0.8808260847719741,2.2360680103302,0.41783860325813293,0.04301208257675171,0.0
benign_benign (367),0.9169827877416842,0.8466927186043329,6.0,0.5018920302391052,0.04228109121322632,0.0
benign_benign (368),0.9271980877175432,0.8642770646711418,2.2360680103302,0.4636513590812683,0.05039858818054199,0.0
benign_benign (369),0.9109303026427771,0.8364297573059981,3.0,0.4199172556400299,0.052677810192108154,0.0
benign_benign (37),0.9079043600588493,0.8313414382942849,4.123105525970459,0.4927932918071747,0.06117147207260132,0.0
benign_benign (370),0.9277174012759761,0.8651799463875824,5.385164737701416,0.49891772866249084,0.04942357540130615,0.0
benign_benign (371),0.933228688064626,0.8748160712832358,3.605551242828369,0.5513587594032288,0.05079519748687744,0.0
benign_benign (372),0.9509012908079654,0.9063983040651105,0.0,0.4960533082485199,0.04276829957962036,0.0
benign_benign (373),0.9313001565571023,0.871432855794601,2.2360680103302,0.5387245416641235,0.04651641845703125,0.0
benign_benign (374),0.91515051274271,0.8435737155292615,2.0,0.46022242307662964,0.045842647552490234,0.0
benign_benign (375),0.9433289299871642,0.8927365920753502,1.0,0.5594189763069153,0.022620558738708496,0.0
benign_benign (376),0.9508807801858098,0.906361033357503,0.0,0.5336570143699646,0.050888895988464355,0.0
benign_benign (377),0.9292326864890237,0.8678194363676192,2.0,0.5802181959152222,0.04528003931045532,0.0
benign_benign (378),0.9532941441014857,0.9107564830470843,0.0,0.5588399767875671,0.04615408182144165,0.0
benign_benign (379),0.9306149396389176,0.8702337204212779,2.2360680103302,0.419298380613327,0.04853898286819458,0.0
benign_benign (38),0.9576503031240803,0.9187418636913139,0.0,0.43533632159233093,0.04957771301269531,0.0
benign_benign (380),0.953263633796178,0.9107007882566299,0.0,0.4661400020122528,0.03418004512786865,0.0
benign_benign (381),0.967886043458877,0.9377705216804899,0.0,0.5009534358978271,0.03943073749542236,0.0
benign_benign (382),0.9619542205737376,0.926697299521495,0.0,0.5076918005943298,0.03509974479675293,0.0
benign_benign (383),0.9367858662595011,0.8810886128504776,2.0,0.537331759929657,0.046465516090393066,0.0
benign_benign (384),0.9188562478710057,0.8498927603867221,5.0,0.49741044640541077,0.03542369604110718,0.0
benign_benign (385),0.9424354427857945,0.8911375067917175,1.0,0.5207036733627319,0.05349588394165039,0.0
benign_benign (386),0.9378834030499336,0.8830324332979225,2.0,0.5425145626068115,0.03198951482772827,0.0
benign_benign (387),0.9577461039914444,0.9189182287154742,0.0,0.5280930399894714,0.03833562135696411,0.0
benign_benign (388),0.9380708671073275,0.8833648480430123,1.0,0.4965347945690155,0.047023117542266846,0.0
benign_benign (389),0.9575157037962043,0.9184941272347582,0.0,0.4436343312263489,0.0389326810836792,0.0
benign_benign (39),0.9658269535099905,0.933912324237638,0.0,0.5333754420280457,0.05084604024887085,0.0
benign_benign (390),0.9481426448749841,0.9013985026180064,1.0,0.538649320602417,0.031700968742370605,0.0
benign_benign (391),0.8952032252480404,0.8102876888373148,10.816654205322266,0.5367708802223206,0.07501697540283203,0.0
benign_benign (392),0.9606167168850441,0.9242179785750378,0.0,0.5025699138641357,0.05669969320297241,0.0
benign_benign (393),0.8941429259439593,0.8085519792036001,14.317821502685547,0.5269439220428467,0.049202024936676025,0.0
benign_benign (394),0.8989837062899504,0.8165035444324309,6.324555397033691,0.45993393659591675,0.03498572111129761,0.0
benign_benign (395),0.9439720968406075,0.8938893508560668,1.4142135381698608,0.5302954912185669,0.044593095779418945,0.0
benign_benign (396),0.8086002577622796,0.6786976940700387,9.0,0.41739127039909363,0.06655192375183105,0.0
benign_benign (397),0.9626198602309336,0.9279335735553194,0.0,0.5396875143051147,0.03451418876647949,0.0
benign_benign (398),0.8876748758452181,0.7980354453651398,14.0,0.46374449133872986,0.08215999603271484,0.0
benign_benign (399),0.949363807068365,0.9036085121146,1.0,0.5065884590148926,0.05187302827835083,0.0
benign_benign (4),0.4452737540033078,0.2864001010900638,136.05880737304688,0.4220903813838959,0.04146158695220947,0.0
benign_benign (40),0.9404835966998365,0.887653644410567,1.0,0.5209245681762695,0.04258233308792114,0.0
benign_benign (400),0.9202960375129287,0.8523595999344566,5.656854152679443,0.4986661970615387,0.08403760194778442,0.0
benign_benign (401),0.9213101765947863,0.8541011110005636,6.0,0.48095670342445374,0.054979562759399414,0.0
benign_benign (402),0.8533529243719302,0.7442158468045807,15.0,0.5671145915985107,0.039710819721221924,0.0
benign_benign (403),0.935072654745171,0.8780623945024641,2.8284270763397217,0.4599749445915222,0.03700745105743408,0.0
benign_benign (404),0.8937178417041278,0.8078570507555086,19.416488647460938,0.5237433910369873,0.07662248611450195,0.0
benign_benign (405),0.8882949451078408,0.7990383251377228,18.027755737304688,0.4826792776584625,0.0781448483467102,0.0
benign_benign (406),0.9599210479552438,0.9229309429522823,0.0,0.4536021053791046,0.03870415687561035,0.0
benign_benign (407),0.9022562270723478,0.8219187840768197,15.65247631072998,0.4614311456680298,0.12076902389526367,0.0
benign_benign (408),0.860150250815086,0.7546172216396261,14.866068840026855,0.47908303141593933,0.03056126832962036,0.0
benign_benign (409),0.8950779872757277,0.8100825008174778,23.021728515625,0.46048030257225037,0.09775376319885254,0.0
benign_benign (41),0.8612026112482223,0.7562386599721594,25.806976318359375,0.517318069934845,0.05612039566040039,0.0
benign_benign (410),0.9240156457762064,0.8587630871671282,4.4721360206604,0.48038193583488464,0.049724698066711426,0.0
benign_benign (411),0.9397422440940699,0.8863337606916184,2.0,0.5254324674606323,0.042582154273986816,0.0
benign_benign (412),0.9078123506502636,0.8311871601834708,11.661903381347656,0.49994197487831116,0.0895622968673706,0.0
benign_benign (413),0.8685225202377644,0.7676003595141102,5.0,0.4277520477771759,0.06794065237045288,0.0
benign_benign (414),0.8727897222084682,0.7742918419079902,30.610456466674805,0.49559682607650757,0.05260652303695679,0.0
benign_benign (415),0.9200847230393039,0.8519971359502718,10.29563045501709,0.5398384928703308,0.0751069188117981,0.0
benign_benign (416),0.8625130111544609,0.7582618699080145,10.816654205322266,0.45351240038871765,0.031213045120239258,0.0
benign_benign (417),0.9117170334633916,0.8377573310439612,4.0,0.4184322655200958,0.04879498481750488,0.0
benign_benign (418),0.8988304400290409,0.8162507144276291,6.0,0.5103557705879211,0.03913247585296631,0.0
benign_benign (419),0.9535634566335786,0.9112482382999563,0.0,0.5078622698783875,0.046385765075683594,0.0
benign_benign (42),0.9041722745633428,0.8251043969565925,7.071067810058594,0.5217104554176331,0.03117293119430542,0.0
benign_benign (420),0.9040000289781905,0.8248175664968482,9.219544410705566,0.5364793539047241,0.09323298931121826,0.0
benign_benign (421),0.9527360408610014,0.9097382112190388,0.0,0.566749095916748,0.07901078462600708,0.0
benign_benign (422),0.9219709868909964,0.8552376380227785,7.0,0.4742664396762848,0.056935012340545654,0.0
benign_benign (423),0.8891157068393206,0.8003675201050717,9.05538558959961,0.4049313962459564,0.060756146907806396,0.0
benign_benign (424),0.865416255350317,0.7627610208914998,6.0,0.4310772716999054,0.05800163745880127,0.0
benign_benign (425),0.8898322318279148,0.8015295141364872,5.0,0.5028329491615295,0.03875666856765747,0.0
benign_benign (426),0.7857004174354743,0.6470400127920445,141.60508728027344,0.4739263653755188,0.08218985795974731,0.0
benign_benign (427),0.9476045665296109,0.9004263382314724,1.0,0.5706417560577393,0.04755371809005737,0.0
benign_benign (428),0.9217662161438865,0.8548853040464665,5.0,0.48167577385902405,0.044751644134521484,0.0
benign_benign (429),0.9278326821448007,0.8653804930428453,2.0,0.47079387307167053,0.05149346590042114,0.0
benign_benign (43),0.9297634770122606,0.8687457931491198,1.4142135381698608,0.41558557748794556,0.06128108501434326,0.0
benign_benign (430),0.9279866830652804,0.8656484657489188,2.8284270763397217,0.5208883285522461,0.041320621967315674,0.0
benign_benign (431),0.9180255200608547,0.8484724335802135,2.8284270763397217,0.4739267826080322,0.04459267854690552,0.0
benign_benign (432),0.9642324427034292,0.9309351658209628,0.0,0.502949059009552,0.03324609994888306,0.0
benign_benign (433),0.933506146658281,0.8753038226504158,1.4142135381698608,0.4630056619644165,0.06831079721450806,0.0
benign_benign (434),0.9708869959590345,0.9434211715786961,0.0,0.5323599576950073,0.03347402811050415,0.0
benign_benign (435),0.936153098504,0.8799697561665951,1.0,0.4873425364494324,0.0560038685798645,0.0
benign_benign (436),0.8978758537871957,0.8146775995004433,10.0,0.5172454118728638,0.027913570404052734,0.0
benign_benign (437),0.9200557456074933,0.8519474425499888,1.4142135381698608,0.47345438599586487,0.04324311017990112,0.0
benign_benign (44),0.9335551941937921,0.8753900709308234,1.4142135381698608,0.44584041833877563,0.049559593200683594,0.0
benign_benign (45),0.9625016712055723,0.9277139485366759,0.0,0.5260763168334961,0.03730785846710205,0.0
benign_benign (46),0.9325897982651254,0.8736939151942539,1.4142135381698608,0.501140832901001,0.07584655284881592,0.0
benign_benign (47),0.8605510398120394,0.7552343895209866,5.0,0.48008307814598083,0.07488006353378296,0.0
benign_benign (48),0.9665126199788869,0.9351953769958573,0.0,0.5002316832542419,0.03893589973449707,0.0
benign_benign (49),0.967617416306043,0.9372663115295083,0.0,0.5250616073608398,0.027247965335845947,0.0
benign_benign (5),0.9188401101604228,0.8498651483480772,2.2360680103302,0.4819276034832001,0.06721895933151245,0.0
benign_benign (50),0.9600709849163868,0.9232081911287999,0.0,0.49162226915359497,0.046012938022613525,0.0
benign_benign (51),0.9083252717288838,0.8320475396338566,3.0,0.4734562337398529,0.07193773984909058,0.0
benign_benign (52),0.8953928445327046,0.8105984467966562,4.0,0.43654030561447144,0.06895315647125244,0.0
benign_benign (53),0.9035835701971916,0.8241244345130827,4.4721360206604,0.4400252401828766,0.057452499866485596,0.0
benign_benign (54),0.8309666249661686,0.7108151424195527,79.31069946289062,0.46142688393592834,0.04775887727737427,0.0
benign_benign (55),0.8922096472944674,0.8053957548202045,6.0,0.43080830574035645,0.0619128942489624,0.0
benign_benign (56),0.9455752613331007,0.89676885097502,1.0,0.5185455083847046,0.03964114189147949,0.0
benign_benign (57),0.9385491276422939,0.8842134403845101,1.0,0.43842023611068726,0.0683516263961792,0.0
benign_benign (58),0.9273104723239237,0.8644723831087874,2.8284270763397217,0.5586514472961426,0.034654080867767334,0.0
benign_benign (59),0.9022680330483172,0.8219383785967481,7.0,0.5808581709861755,0.025461256504058838,0.0
benign_benign (6),0.938322426290579,0.8838111019094015,1.4142135381698608,0.5677136182785034,0.04030543565750122,0.0
benign_benign (60),0.8820235952927391,0.7889465212325262,3.0,0.4977816641330719,0.09022843837738037,0.0
benign_benign (61),0.891377752414855,0.8040410106858555,8.0,0.54001784324646,0.036952972412109375,0.0
benign_benign (62),0.9428436362838077,0.89186772046634,2.0,0.5201578140258789,0.042816758155822754,0.0
benign_benign (63),0.8864396772344795,0.7960410039063237,4.4721360206604,0.46402642130851746,0.07070237398147583,0.0
benign_benign (64),0.8956945614170475,0.8110931361223738,29.529645919799805,0.5067808628082275,0.09388262033462524,0.0
benign_benign (65),0.9560799889165926,0.9158556007804846,0.0,0.5131245255470276,0.03431612253189087,0.0
benign_benign (66),0.908484191208668,0.8323142769846434,4.123105525970459,0.5347444415092468,0.04169607162475586,0.0
benign_benign (67),0.9207056002742385,0.8530625198357251,9.0,0.5018659234046936,0.0397258996963501,0.0
benign_benign (68),0.9741442026947693,0.9495917508618875,0.0,0.5166758298873901,0.029922127723693848,0.0
benign_benign (69),0.9472699251460112,0.8998222315277818,1.0,0.4751197099685669,0.09984910488128662,0.0
benign_benign (7),0.8666554847478484,0.7646884712498612,4.123105525970459,0.5044476985931396,0.08459872007369995,0.0
benign_benign (70),0.8864271359302766,0.79602077649476,4.0,0.4474339783191681,0.06694591045379639,0.0
benign_benign (71),0.8762324556387755,0.7797274979583271,5.830951690673828,0.45933160185813904,0.07289654016494751,0.0
benign_benign (72),0.9306567616167629,0.8703068651975674,3.605551242828369,0.6061747074127197,0.027782142162322998,0.0
benign_benign (73),0.9207566451006056,0.8531501638819522,7.211102485656738,0.5121175050735474,0.03921794891357422,0.0
benign_benign (74),0.8760979505006589,0.7795145056507383,4.0,0.47230491042137146,0.09017664194107056,0.0
benign_benign (75),0.9297156672850578,0.8686623160488081,2.8284270763397217,0.5043689012527466,0.05184262990951538,0.0
benign_benign (76),0.9319887698409446,0.8726394849853735,2.0,0.46097710728645325,0.05629199743270874,0.0
benign_benign (77),0.9274114721782146,0.8646479503784407,2.8284270763397217,0.509576141834259,0.0553930401802063,0.0
benign_benign (78),0.9225676793977788,0.8562650866903471,2.0,0.4359119236469269,0.06436830759048462,0.0
benign_benign (79),0.943619193731213,0.8932566628744896,1.0,0.5145629644393921,0.043007612228393555,0.0
benign_benign (8),0.8992262691121331,0.8169038230912992,4.242640495300293,0.46837708353996277,0.05229818820953369,0.0
benign_benign (80),0.9791666666667105,0.9591836734695559,0.0,0.5189527869224548,0.042389869689941406,0.0
benign_benign (81),0.8931881214945143,0.8069918103039364,5.385164737701416,0.5182123184204102,0.059420228004455566,0.0
benign_benign (82),0.9412303719444663,0.8889850511430176,1.4142135381698608,0.5457051992416382,0.03539431095123291,0.0
benign_benign (83),0.6950660002641275,0.5326445631861784,111.81012725830078,0.39480528235435486,0.1162710189819336,0.0
benign_benign (84),0.9207271827854376,0.8530995760297124,5.830951690673828,0.5351879000663757,0.04697495698928833,0.0
benign_benign (85),0.9364632462388301,0.8805179914352635,3.0,0.561555802822113,0.02680206298828125,0.0
benign_benign (86),0.9051808406718415,0.8267857143095074,3.0,0.45892128348350525,0.06512624025344849,0.0
benign_benign (87),0.9328052506521941,0.8740721890030931,1.4142135381698608,0.4510502815246582,0.06486600637435913,0.0
benign_benign (88),0.9291590493605959,0.8676909944531265,3.605551242828369,0.4920501410961151,0.03752315044403076,0.0
benign_benign (89),0.9529737636565008,0.9101718090535538,0.0,0.4990980923175812,0.06588304042816162,0.0
benign_benign (9),0.973570952294471,0.9485029232863259,0.0,0.5214672684669495,0.03157985210418701,0.0
benign_benign (90),0.9386203150503382,0.8843398157773362,1.0,0.4855664372444153,0.06442171335220337,0.0
benign_benign (91),0.9122807017616795,0.8387096774440133,2.0,0.425476610660553,0.06207543611526489,0.0
benign_benign (92),0.873882386124144,0.7760134246706322,15.524174690246582,0.5067294836044312,0.03164255619049072,0.0
benign_benign (93),0.5715816258236508,0.4001500093822024,112.32987213134766,0.5014917850494385,0.026608765125274658,0.0
benign_benign (94),0.9146804691757173,0.8427752778799747,4.123105525970459,0.48117491602897644,0.04283827543258667,0.0
benign_benign (95),0.9367192452572354,0.8809707512182808,1.0,0.47802549600601196,0.06121701002120972,0.0
benign_benign (96),0.9609713245907114,0.9248746905011382,0.0,0.5300443172454834,0.04264676570892334,0.0
benign_benign (97),0.9618646864687518,0.9265311312810874,0.0,0.515174388885498,0.06552720069885254,0.0
benign_benign (98),0.9089417555374605,0.8330827067673704,12.0,0.5913840532302856,0.039304494857788086,0.0
benign_benign (99),0.9607048699487474,0.924381190838673,0.0,0.5015019178390503,0.03528207540512085,0.0
malignant_malignant (1),0.8726782410554733,0.7741163817088653,24.0,0.5107077360153198,0.07344323396682739,0.0
malignant_malignant (10),0.9245423982081226,0.8596734977463334,3.0,0.5111717581748962,0.061714351177215576,0.0
malignant_malignant (100),0.8264763746718697,0.7042690550373456,21.0,0.39325904846191406,0.04626333713531494,0.0
malignant_malignant (101),0.88684001061327,0.7966869264700471,13.601470947265625,0.551554262638092,0.0849645733833313,0.0
malignant_malignant (102),0.9042212245019264,0.825185926868819,9.848857879638672,0.49109381437301636,0.07495248317718506,0.0
malignant_malignant (103),0.8150810148112101,0.6878791081924451,32.572994232177734,0.5054869651794434,0.08492499589920044,0.0
malignant_malignant (104),0.8518092640837375,0.7418708734003551,24.20743751525879,0.5457485914230347,0.1167859435081482,0.0
malignant_malignant (105),0.8937667505237875,0.8079369797916784,6.0,0.5243700742721558,0.055814504623413086,0.0
malignant_malignant (106),0.7383887341158407,0.5852743662689361,46.27094268798828,0.5191344022750854,0.0747728943824768,0.0
malignant_malignant (107),0.778241893689824,0.6369852507396048,44.29446792602539,0.5274639129638672,0.08204489946365356,0.0
malignant_malignant (108),0.8540709800683906,0.7453087976775906,29.832868576049805,0.491176575422287,0.06406420469284058,0.0
malignant_malignant (109),0.8428650689187299,0.7284069007687829,21.02379608154297,0.47406691312789917,0.05136668682098389,0.0
malignant_malignant (11),0.7292495945763351,0.573873194504961,68.15423583984375,0.5341577529907227,0.0619351863861084,0.0
malignant_malignant (110),0.9112191250880551,0.8369169096252365,4.4721360206604,0.39826568961143494,0.05536925792694092,0.0
malignant_malignant (111),0.8830151049293271,0.7905345084132978,27.0,0.5218418836593628,0.0386195182800293,0.0
malignant_malignant (112),0.8886765174376074,0.7996560239989567,6.0,0.5069904327392578,0.076931893825531,0.0
malignant_malignant (113),0.7735453489890535,0.6307166337984127,38.897300720214844,0.5421146154403687,0.07841742038726807,0.0
malignant_malignant (114),0.7667724221275648,0.6217606838238602,83.40863037109375,0.49294203519821167,0.06983304023742676,0.0
malignant_malignant (115),0.721359786215898,0.5641616605213383,71.80529022216797,0.4712858498096466,0.07622277736663818,0.0
malignant_malignant (116),0.739439037439505,0.5865952218136532,47.75981521606445,0.6122863292694092,0.041226983070373535,0.0
malignant_malignant (117),0.736863721325082,0.5833604289315707,70.1783447265625,0.5598966479301453,0.06805884838104248,0.0
malignant_malignant (118),0.9456848432806021,0.8969659947065695,1.0,0.5442802906036377,0.04311650991439819,0.0
malignant_malignant (119),0.8605654159686243,0.755256535153466,26.925823211669922,0.564743161201477,0.04836636781692505,0.0
malignant_malignant (12),0.8853184305526118,0.794234384798286,7.0,0.49272727966308594,0.04707974195480347,0.0
malignant_malignant (120),0.9053053906619841,0.8269935586966246,11.313708305358887,0.5689082145690918,0.06611788272857666,0.0
malignant_malignant (121),0.8570580156691638,0.749870096145111,8.0,0.5015218257904053,0.03986656665802002,0.0
malignant_malignant (122),0.8870143365873614,0.7969683399767276,15.0,0.5254185795783997,0.05484586954116821,0.0
malignant_malignant (123),0.8044310841962866,0.6728437596223634,58.24946212768555,0.4778147041797638,0.0675818920135498,0.0
malignant_malignant (124),0.918906081284692,0.8499780318596799,7.0,0.5464613437652588,0.05858868360519409,0.0
malignant_malignant (125),0.9427035458627643,0.8916170504260565,1.0,0.5907455682754517,0.04193925857543945,0.0
malignant_malignant (126),0.8616905824197414,0.756991525426303,25.079872131347656,0.44568881392478943,0.0602756142616272,0.0
malignant_malignant (127),0.8723830661687215,0.7736519734631724,39.0,0.5268024802207947,0.062009215354919434,0.0
malignant_malignant (128),0.8876552690055288,0.7980037521391364,27.459060668945312,0.5015138983726501,0.06777429580688477,0.0
malignant_malignant (129),0.8956654843417746,0.8110454501262685,19.313207626342773,0.569475531578064,0.07548421621322632,0.0
malignant_malignant (13),0.8357963712678997,0.71791252891003,22.847318649291992,0.4170585572719574,0.06296658515930176,0.0
malignant_malignant (130),0.8774113013278539,0.7815964140442055,23.021728515625,0.5486038327217102,0.06255489587783813,0.0
malignant_malignant (131),0.9369940022572003,0.881456928980644,2.0,0.5270700454711914,0.049681901931762695,0.0
malignant_malignant (132),0.916646277823158,0.8461191013231845,10.29563045501709,0.49407491087913513,0.06393104791641235,0.0
malignant_malignant (133),0.9201955751254837,0.852187260885327,9.848857879638672,0.5472467541694641,0.04359769821166992,0.0
malignant_malignant (134),0.8838102366762632,0.7918100180798909,12.369317054748535,0.5801222920417786,0.08310014009475708,0.0
malignant_malignant (135),0.926222033719109,0.8625824544790381,4.4721360206604,0.5303278565406799,0.0343131422996521,0.0
malignant_malignant (136),0.783736825149677,0.6443809541863108,43.14799880981445,0.5316315293312073,0.09096658229827881,0.0
malignant_malignant (137),0.817017932884548,0.6906427033818512,79.0,0.49028077721595764,0.05104517936706543,0.0
malignant_malignant (138),0.8623055899649529,0.7579413086325536,21.931713104248047,0.5350369811058044,0.04800879955291748,0.0
malignant_malignant (139),0.9068520420009408,0.8295784988351885,9.0,0.5286908149719238,0.04824483394622803,0.0
malignant_malignant (14),0.7830273024672401,0.6434222427961109,70.22820281982422,0.49147462844848633,0.07105571031570435,0.0
malignant_malignant (140),0.856918500524697,0.7496565213582826,28.284271240234375,0.5220240354537964,0.037098824977874756,0.0
malignant_malignant (141),0.8482899788292237,0.7365482310983151,24.041629791259766,0.4690191447734833,0.034278035163879395,0.0
malignant_malignant (142),0.838953676435891,0.7225841548345355,39.59798049926758,0.5018141269683838,0.11707156896591187,0.0
malignant_malignant (143),0.867308497280551,0.7657058388807941,13.416407585144043,0.46295541524887085,0.05343294143676758,0.0
malignant_malignant (144),0.9426217716229478,0.8914707588314579,2.0,0.5120415687561035,0.04338306188583374,0.0
malignant_malignant (145),0.9098822168819466,0.8346641353601729,3.1622776985168457,0.4783436954021454,0.060646235942840576,0.0
malignant_malignant (146),0.9166806569164914,0.8461776878345723,9.0,0.5263555645942688,0.040964365005493164,0.0
malignant_malignant (147),0.7925810202024363,0.6564258417889384,34.183326721191406,0.5030775666236877,0.0421181321144104,0.0
malignant_malignant (148),0.888514304448728,0.7993933777235325,4.242640495300293,0.49070677161216736,0.0505824089050293,0.0
malignant_malignant (149),0.9421320040553658,0.8905950531330098,1.4142135381698608,0.5636593103408813,0.05067354440689087,0.0
malignant_malignant (15),0.9154681740343449,0.8441137015223181,9.433980941772461,0.49417707324028015,0.04244565963745117,0.0
malignant_malignant (150),0.9423417660715443,0.8909700088766299,2.8284270763397217,0.4959072768688202,0.07228356599807739,0.0
malignant_malignant (151),0.8283407408815416,0.7069809199523324,41.67733383178711,0.5257130265235901,0.04374450445175171,0.0
malignant_malignant (152),0.7335770329112081,0.5792512075158578,87.93179321289062,0.49092260003089905,0.10618758201599121,0.0
malignant_malignant (153),0.8750721577258412,0.7778918121157582,33.541019439697266,0.5037373900413513,0.052866339683532715,0.0
malignant_malignant (154),0.9104407930399122,0.8356046988767158,14.866068840026855,0.5004874467849731,0.05073988437652588,0.0
malignant_malignant (155),0.9094314747981366,0.8339058516569084,9.848857879638672,0.5423697233200073,0.04057079553604126,0.0
malignant_malignant (156),0.8752606064716476,0.7781896957713512,32.38827133178711,0.5383797883987427,0.09195542335510254,0.0
malignant_malignant (157),0.8854058700132618,0.7943751417648276,5.385164737701416,0.47422537207603455,0.03702712059020996,0.0
malignant_malignant (158),0.8310022380742718,0.7108672618037102,28.0,0.44630518555641174,0.10933792591094971,0.0
malignant_malignant (159),0.9238168534652589,0.8584197368637585,7.0,0.46894773840904236,0.0864797830581665,0.0
malignant_malignant (16),0.8270430102141448,0.7050923583870948,41.231056213378906,0.4848751723766327,0.05543708801269531,0.0
malignant_malignant (160),0.8466499190723491,0.7340788656224315,31.14482307434082,0.49331727623939514,0.09591013193130493,0.0
malignant_malignant (161),0.8340346137025784,0.7153167868487467,60.0,0.5039790868759155,0.03360384702682495,0.0
malignant_malignant (162),0.9081302427042749,0.8317203005545977,14.21267032623291,0.5647732019424438,0.04718959331512451,0.0
malignant_malignant (163),0.9533794215236041,0.910912169251983,0.0,0.5613150000572205,0.13140064477920532,0.0
malignant_malignant (164),0.9340499683135146,0.8762605568253663,6.7082037925720215,0.45611056685447693,0.09466516971588135,0.0
malignant_malignant (165),0.8285849175136507,0.7073367330692406,62.481998443603516,0.46796879172325134,0.07981252670288086,0.0
malignant_malignant (166),0.8765973826035849,0.7803056259900796,9.0,0.4647885262966156,0.056544363498687744,0.0
malignant_malignant (167),0.92296445560685,0.8569489283913924,8.062257766723633,0.5548891425132751,0.05340373516082764,0.0
malignant_malignant (168),0.8296728177040461,0.7089238208388036,45.650848388671875,0.5372068285942078,0.0740816593170166,0.0
malignant_malignant (169),0.87099903007927,0.771477663265936,5.0,0.45965632796287537,0.05973708629608154,0.0
malignant_malignant (17),0.9398007581336083,0.8864378703760156,2.0,0.5144752264022827,0.030811965465545654,0.0
malignant_malignant (170),0.908909727442985,0.8330288980701499,11.704699516296387,0.5171120762825012,0.06866014003753662,0.0
malignant_malignant (171),0.8771096654280803,0.7811178335268855,14.866068840026855,0.5292801260948181,0.08998996019363403,0.0
malignant_malignant (172),0.9136827344440758,0.841082769661782,6.082762718200684,0.5134797692298889,0.049190402030944824,0.0
malignant_malignant (173),0.8670670252120116,0.7653294983103148,18.867961883544922,0.48179563879966736,0.053556978702545166,0.0
malignant_malignant (174),0.8184792844953287,0.6927337572302832,54.230987548828125,0.5117812752723694,0.035545289516448975,0.0
malignant_malignant (175),0.9139471142773828,0.8415309477950634,11.313708305358887,0.5302205085754395,0.03988766670227051,0.0
malignant_malignant (176),0.8439420308988018,0.7300170523075549,39.81205749511719,0.5141430497169495,0.033738017082214355,0.0
malignant_malignant (177),0.8516841036520401,0.7416810185794427,15.231546401977539,0.6003469228744507,0.06093454360961914,0.0
malignant_malignant (178),0.7100680046455554,0.5504693326507616,80.41144561767578,0.46249979734420776,0.031225919723510742,0.0
malignant_malignant (179),0.8007131199660458,0.6676577000029094,57.982757568359375,0.472363144159317,0.06685513257980347,0.0
malignant_malignant (18),0.8219078013770401,0.6976599983766604,25.0,0.5620222091674805,0.036862969398498535,0.0
malignant_malignant (180),0.9488171335036587,0.9026185297964104,1.0,0.5289711356163025,0.04422873258590698,0.0
malignant_malignant (181),0.8796036877986679,0.7850826339052508,10.0,0.4837307035923004,0.06706809997558594,0.0
malignant_malignant (182),0.883801993379651,0.7917967852819556,20.39607810974121,0.49664661288261414,0.055055856704711914,0.0
malignant_malignant (183),0.9126652461542126,0.8393599514101533,11.180339813232422,0.5290040373802185,0.03588587045669556,0.0
malignant_malignant (184),0.8862754756484198,0.7957762052201182,21.63330841064453,0.5223614573478699,0.04250150918960571,0.0
malignant_malignant (185),0.930707298831393,0.8703952601702257,5.0,0.5024791359901428,0.046172380447387695,0.0
malignant_malignant (186),0.8688071540589254,0.7680451279166883,54.671749114990234,0.5366654992103577,0.045611441135406494,0.0
malignant_malignant (187),0.9241770585438394,0.8590419695767716,5.385164737701416,0.4412708580493927,0.0470123291015625,0.0
malignant_malignant (188),0.8448998602706426,0.7314516129047194,42.72002029418945,0.4934256672859192,0.05644190311431885,0.0
malignant_malignant (189),0.9116040048462268,0.8375664821536108,3.0,0.5040497183799744,0.04897218942642212,0.0
malignant_malignant (19),0.8479619498254031,0.736053769836457,36.055511474609375,0.5659182667732239,0.08511590957641602,0.0
malignant_malignant (190),0.9096820220143208,0.8343272700095873,8.5440034866333,0.5187605023384094,0.044394731521606445,0.0
malignant_malignant (191),0.8772644276005394,0.781363349633706,10.440306663513184,0.48738089203834534,0.049719393253326416,0.0
malignant_malignant (192),0.7732485383162735,0.6303220843630114,19.0,0.4639376103878021,0.05658310651779175,0.0
malignant_malignant (193),0.8976885278793411,0.8143692146781967,8.062257766723633,0.4842672049999237,0.03332924842834473,0.0
malignant_malignant (194),0.9307314467613055,0.8704375004227812,3.605551242828369,0.48681363463401794,0.043111205101013184,0.0
malignant_malignant (195),0.8825621382157489,0.7898086939769933,20.099750518798828,0.5139856934547424,0.13128936290740967,0.0
malignant_malignant (196),0.9319894812870053,0.8726407324252652,3.605551242828369,0.5031258463859558,0.039069533348083496,0.0
malignant_malignant (197),0.8661261314892235,0.7638646198168342,16.278820037841797,0.5131657123565674,0.05448192358016968,0.0
malignant_malignant (198),0.3169161624939193,0.18829493542586934,94.2443618774414,0.47803017497062683,0.040544092655181885,0.0
malignant_malignant (199),0.8896040058206975,0.801159235520757,11.313708305358887,0.524738609790802,0.04962199926376343,0.0
malignant_malignant (2),0.845020151672602,0.7316319439656785,42.04759216308594,0.4968489706516266,0.07390451431274414,0.0
malignant_malignant (20),0.9056969310193719,0.8276472548536714,13.45362377166748,0.5104972720146179,0.07810121774673462,0.0
malignant_malignant (200),0.7317561351616664,0.5769837768997013,55.3263053894043,0.5676360726356506,0.033015549182891846,0.0
malignant_malignant (201),0.8789386843851784,0.7840237390616088,22.472204208374023,0.5447243452072144,0.06050771474838257,0.0
malignant_malignant (202),0.8552973518965755,0.7471786260951546,38.0,0.49466386437416077,0.04249703884124756,0.0
malignant_malignant (203),0.8810914007411971,0.787456099028386,21.02379608154297,0.5132474899291992,0.05493175983428955,0.0
malignant_malignant (204),0.7803210312874918,0.6397757535434588,51.0,0.5808402299880981,0.05721867084503174,0.0
malignant_malignant (205),0.8988065715486032,0.8162113470045103,19.0,0.48887887597084045,0.07728993892669678,0.0
malignant_malignant (206),0.8993556801255447,0.8171174501026843,19.646883010864258,0.5135917663574219,0.07497692108154297,0.0
malignant_malignant (207),0.9217214561931182,0.8548083067104248,5.656854152679443,0.49481746554374695,0.04854458570480347,0.0
malignant_malignant (208),0.9378270777777286,0.8829325792035492,4.0,0.48915013670921326,0.06118577718734741,0.0
malignant_malignant (209),0.9027983399290634,0.8228189701016272,4.0,0.5061009526252747,0.053835153579711914,0.0
malignant_malignant (21),0.8417439150835274,0.726733859675592,31.38471031188965,0.520899772644043,0.035829365253448486,0.0
malignant_malignant (210),0.8864019050577816,0.7959800839136453,25.612497329711914,0.5157938599586487,0.045290470123291016,0.0
malignant_malignant (22),0.8325519071591718,0.7131382647891589,39.901424407958984,0.5746212601661682,0.06507384777069092,0.0
malignant_malignant (23),0.90068145150199,0.8193088825189438,14.866068840026855,0.4832177460193634,0.09412705898284912,0.0
malignant_malignant (24),0.8640184598571709,0.76059198968059,31.0,0.4817574620246887,0.10870492458343506,0.0
malignant_malignant (25),0.8243150264513498,0.7011359717932688,42.44997024536133,0.5388885140419006,0.0893126130104065,0.0
malignant_malignant (26),0.9425746357779549,0.8913864445387604,1.0,0.4549085199832916,0.029355943202972412,0.0
malignant_malignant (27),0.8740895240288404,0.7763401644154122,8.5440034866333,0.5719191431999207,0.031032145023345947,0.0
malignant_malignant (28),0.9121977310487263,0.8385694322281826,4.123105525970459,0.5866740345954895,0.0243566632270813,0.0
malignant_malignant (29),0.818844005827686,0.6932564452692982,39.0,0.5072159171104431,0.06446003913879395,0.0
malignant_malignant (3),0.8101190916500673,0.6808404824106695,27.459060668945312,0.5023377537727356,0.0795893669128418,0.0
malignant_malignant (30),0.8216447452632316,0.6972810126325145,61.29437255859375,0.524878978729248,0.06705886125564575,0.0
malignant_malignant (31),0.8309852230662939,0.7108423601335886,58.600341796875,0.4761934280395508,0.0718148946762085,0.0
malignant_malignant (32),0.7812321218878754,0.6410015688130108,52.32590103149414,0.5420457720756531,0.0678606629371643,0.0
malignant_malignant (33),0.800615326657198,0.6675217254747963,47.88528060913086,0.5486752390861511,0.07307326793670654,0.0
malignant_malignant (34),0.8060331145512944,0.6750883331673856,26.07680892944336,0.5386632680892944,0.054876744747161865,0.0
malignant_malignant (35),0.904493005182243,0.8256387311640584,12.649110794067383,0.5857748985290527,0.04116380214691162,0.0
malignant_malignant (36),0.7464218902455831,0.595433092233576,58.18075180053711,0.5002524256706238,0.07183736562728882,0.0
malignant_malignant (37),0.7929662559147446,0.6569545050427762,63.5688591003418,0.5083781480789185,0.04496908187866211,0.0
malignant_malignant (38),0.9272768798795256,0.8644139969475136,2.8284270763397217,0.4649011194705963,0.056930363178253174,0.0
malignant_malignant (39),0.8643396011636557,0.7610898487348211,28.635643005371094,0.5562155842781067,0.056332170963287354,0.0
malignant_malignant (4),0.8500107540206997,0.739146698105471,16.278820037841797,0.5363116264343262,0.0932919979095459,0.0
malignant_malignant (40),0.8131533149744425,0.6851376215944063,51.88448715209961,0.4769279360771179,0.07092916965484619,0.0
malignant_malignant (41),0.8260204703035089,0.703607217511192,27.658634185791016,0.5467039346694946,0.060015738010406494,0.0
malignant_malignant (42),0.868565135551504,0.767666935891871,18.761606216430664,0.5357921719551086,0.05013841390609741,0.0
malignant_malignant (43),0.8094553887460374,0.679903450147871,48.754486083984375,0.432249516248703,0.14523041248321533,0.0
malignant_malignant (44),0.9104742659454629,0.8356610931618473,5.0,0.587861955165863,0.034040629863739014,0.0
malignant_malignant (45),0.8567440399085822,0.7493895241453365,25.70992088317871,0.5055763125419617,0.09462791681289673,0.0
malignant_malignant (46),0.8720919023146522,0.7731941140471904,10.440306663513184,0.48697003722190857,0.06428581476211548,0.0
malignant_malignant (47),0.8926352776813317,0.806089682731386,14.0,0.5341947078704834,0.05223870277404785,0.0
malignant_malignant (48),0.9461075449442468,0.8977268414880322,1.0,0.4644111692905426,0.023167312145233154,0.0
malignant_malignant (49),0.879997476620247,0.7857102624790793,9.0,0.43542802333831787,0.046584248542785645,0.0
malignant_malignant (5),0.8271181895395843,0.7052016513216234,22.203603744506836,0.5494483709335327,0.0745629072189331,0.0
malignant_malignant (50),0.7034747874103133,0.5425847338574097,93.74433135986328,0.45143410563468933,0.047572314739227295,0.0
malignant_malignant (51),0.7680219808804138,0.6234055875695743,86.60831451416016,0.5360733866691589,0.05158036947250366,0.0
malignant_malignant (52),0.8645273710655038,0.7613810751891908,28.0,0.562527596950531,0.05012935400009155,0.0
malignant_malignant (53),0.7694467320520485,0.6252851884563291,28.301942825317383,0.5131143927574158,0.06939560174942017,0.0
malignant_malignant (54),0.9225604578766426,0.8562526450993645,4.0,0.5242138504981995,0.051592350006103516,0.0
malignant_malignant (55),0.8755672319093882,0.7786745964350881,12.0,0.5079442858695984,0.04649621248245239,0.0
malignant_malignant (56),0.9201574131329715,0.8521218039779291,7.8102498054504395,0.5141127109527588,0.03860050439834595,0.0
malignant_malignant (57),0.8816303701895284,0.7883175174737861,22.135944366455078,0.4820699989795685,0.05776757001876831,0.0
malignant_malignant (58),0.9458372668711412,0.8972402809801932,1.0,0.5390050411224365,0.04873734712600708,0.0
malignant_malignant (59),0.8932460007167299,0.8070863094197703,21.40093421936035,0.49553433060646057,0.059638023376464844,0.0
malignant_malignant (6),0.8927869282195756,0.8063370555997537,8.602325439453125,0.5445624589920044,0.04976743459701538,0.0
malignant_malignant (60),0.8830741157478126,0.7906291081611131,17.464248657226562,0.4890733063220978,0.09185224771499634,0.0
malignant_malignant (61),0.9139068988138136,0.841462760253234,4.4721360206604,0.3930095434188843,0.027930736541748047,0.0
malignant_malignant (62),0.9053726123311123,0.8271057553746843,9.219544410705566,0.49191543459892273,0.06514370441436768,0.0
malignant_malignant (63),0.8452830587636143,0.7320262036332955,53.16013717651367,0.5756946802139282,0.09038078784942627,0.0
malignant_malignant (64),0.7341663224578102,0.5799864038107412,51.078372955322266,0.5262972712516785,0.05458170175552368,0.0
malignant_malignant (65),0.8592068823303376,0.7531662569006184,12.727922439575195,0.49655190110206604,0.051829993724823,0.0
malignant_malignant (66),0.89402473818973,0.8083587120456469,8.9442720413208,0.5104946494102478,0.048857152462005615,0.0
malignant_malignant (67),0.817367553568944,0.6911425067344481,23.76972770690918,0.5046180486679077,0.046292006969451904,0.0
malignant_malignant (68),0.9034783786924246,0.8239494426159447,21.02379608154297,0.545749306678772,0.07483619451522827,0.0
malignant_malignant (69),0.7488743177245758,0.5985604230943404,58.0,0.4812915027141571,0.052707672119140625,0.0
malignant_malignant (7),0.9058453922324272,0.8278952405842183,6.082762718200684,0.545846164226532,0.04810023307800293,0.0
malignant_malignant (70),0.8303483739104405,0.7099108447263233,42.19004440307617,0.49674853682518005,0.05397474765777588,0.0
malignant_malignant (71),0.9001076765603129,0.8183598133913292,13.0,0.5175349116325378,0.04570770263671875,0.0
malignant_malignant (72),0.9138827121012605,0.8414217527735859,14.142135620117188,0.5354318618774414,0.03771096467971802,0.0
malignant_malignant (73),0.906508412678929,0.8290035544781841,6.0,0.49500641226768494,0.03969043493270874,0.0
malignant_malignant (74),0.8914056992120784,0.8040864891518466,8.485280990600586,0.5414128303527832,0.033808767795562744,0.0
malignant_malignant (75),0.8915010476857826,0.8042416691734178,22.135944366455078,0.6000129580497742,0.05750393867492676,0.0
malignant_malignant (76),0.7118776795010396,0.5526475771542212,116.5870132446289,0.49587294459342957,0.03695732355117798,0.0
malignant_malignant (77),0.9126797672635298,0.8393845159739963,7.071067810058594,0.4611925184726715,0.024975240230560303,0.0
malignant_malignant (78),0.8736156461445382,0.7755928455106943,17.029386520385742,0.47374841570854187,0.028870046138763428,0.0
malignant_malignant (79),0.7767815719314684,0.6350309594003015,35.44009017944336,0.5194947123527527,0.05619710683822632,0.0
malignant_malignant (8),0.8793646012517786,0.7847017881424755,11.313708305358887,0.5454797148704529,0.055748701095581055,0.0
malignant_malignant (80),0.7879584204764853,0.6501084069967406,50.32891845703125,0.5047541856765747,0.1531846523284912,0.0
malignant_malignant (81),0.9103753605361626,0.8354944698983248,7.6157732009887695,0.5290159583091736,0.049763500690460205,0.0
malignant_malignant (82),0.8734589457067842,0.7753458627884974,16.278820037841797,0.4967102110385895,0.0667722225189209,0.0
malignant_malignant (83),0.8386200896754449,0.7220893716367213,22.0,0.5329102277755737,0.056847214698791504,0.0
malignant_malignant (84),0.8712358365380277,0.7718493062951937,22.671567916870117,0.5187312960624695,0.04876071214675903,0.0
malignant_malignant (85),0.9352679414989624,0.8784068574172065,4.0,0.4782883822917938,0.07250463962554932,0.0
malignant_malignant (86),0.8542481191875217,0.7455786313719392,39.20458984375,0.5061482191085815,0.057557106018066406,0.0
malignant_malignant (87),0.9575340996444451,0.9185279818919949,0.0,0.5659838318824768,0.03059840202331543,0.0
malignant_malignant (88),0.9261056964241958,0.8623806768891333,3.605551242828369,0.4866267740726471,0.02950286865234375,0.0
malignant_malignant (89),0.803269619929123,0.6712202124275729,86.37129211425781,0.559804379940033,0.08572858572006226,0.0
malignant_malignant (9),0.9120779768728995,0.8383670497382093,6.4031243324279785,0.566215991973877,0.04769730567932129,0.0
malignant_malignant (90),0.8593235365927586,0.7533455490323564,26.4007568359375,0.49257150292396545,0.07840085029602051,0.0
malignant_malignant (91),0.8260675162088473,0.7036754903841951,41.67733383178711,0.5819301009178162,0.07520729303359985,0.0
malignant_malignant (92),0.835972418158688,0.7181723450557475,26.90724754333496,0.5015580058097839,0.06967496871948242,0.0
malignant_malignant (93),0.922141424676658,0.8555309998814029,6.0,0.465669721364975,0.0700385570526123,0.0
malignant_malignant (94),0.7974694812788884,0.6631594532233969,76.0,0.5411837697029114,0.06849038600921631,0.0
malignant_malignant (95),0.8901792432977936,0.8020928045565671,14.764822959899902,0.4981236159801483,0.06852763891220093,0.0
malignant_malignant (96),0.866961636686697,0.7651652978032791,26.832815170288086,0.5474379658699036,0.07229101657867432,0.0
malignant_malignant (97),0.8954710714784662,0.8107266802668172,15.033296585083008,0.5070345401763916,0.07019519805908203,0.0
malignant_malignant (98),0.7920024482324911,0.6556324945175246,31.395784378051758,0.5035919547080994,0.05688309669494629,0.0
malignant_malignant (99),0.7949375046996539,0.6596649616116814,33.241539001464844,0.45382216572761536,0.04385870695114136,0.0
