method,dataset,perturb_max_px,dice_pm0_train,dice_pm20_train,dice_rand100_train,delta_pm20_vs_pm0,delta_rand100_vs_pm0
zero_shot,isic2018_test,0,0.9072,0.9072,0.9072,0.0,0.0
zero_shot,isic2018_test,20,0.9206,0.9206,0.9206,0.0,0.0
zero_shot,isic2018_test,50,0.9144,0.9144,0.9144,0.0,0.0
zero_shot,isic2018_test,100,0.8708,0.8708,0.8708,0.0,0.0
zero_shot,isic2018_test,200,0.7673,0.7673,0.7673,0.0,0.0
zero_shot,ph2,0,0.9054,0.9054,0.9054,0.0,0.0
zero_shot,ph2,20,0.915,0.915,0.915,0.0,0.0
zero_shot,ph2,50,0.9107,0.9107,0.9107,0.0,0.0
zero_shot,ph2,100,0.8756,0.8756,0.8756,0.0,0.0
zero_shot,ph2,200,0.7986,0.7986,0.7986,0.0,0.0
zero_shot,busi,0,0.8234,0.8234,0.8234,0.0,0.0
zero_shot,busi,20,0.8504,0.8504,0.8504,0.0,0.0
zero_shot,busi,50,0.8384,0.8384,0.8384,0.0,0.0
zero_shot,busi,100,0.7579,0.7579,0.7579,0.0,0.0
zero_shot,busi,200,0.6017,0.6017,0.6017,0.0,0.0
zero_shot,cbis_ddsm,0,0.6924,0.6924,0.6924,0.0,0.0
zero_shot,cbis_ddsm,20,0.7483,0.7483,0.7483,0.0,0.0
zero_shot,cbis_ddsm,50,0.657,0.657,0.657,0.0,0.0
zero_shot,cbis_ddsm,100,0.3905,0.3905,0.3905,0.0,0.0
zero_shot,cbis_ddsm,200,0.1889,0.1889,0.1889,0.0,0.0
decoder_only,isic2018_test,0,0.9487,0.9462,0.9384,-0.0025,-0.0103
decoder_only,isic2018_test,20,0.9345,0.9385,0.9313,0.004,-0.0032
decoder_only,isic2018_test,50,0.889,0.9076,0.9119,0.0186,0.0229
decoder_only,isic2018_test,100,0.8159,0.8423,0.8694,0.0264,0.0535
decoder_only,isic2018_test,200,0.7075,0.7408,0.7782,0.0333,0.0707
decoder_only,ph2,0,0.9466,0.9473,0.9408,0.0007,-0.0058
decoder_only,ph2,20,0.9305,0.9394,0.9335,0.0089,0.003
decoder_only,ph2,50,0.89,0.9138,0.9138,0.0238,0.0238
decoder_only,ph2,100,0.82,0.8541,0.8685,0.0341,0.0485
decoder_only,ph2,200,0.7269,0.7753,0.7916,0.0484,0.0647
decoder_only,busi,0,0.8944,0.8828,0.8322,-0.0116,-0.0622
decoder_only,busi,20,0.8684,0.8745,0.8284,0.0061,-0.04
decoder_only,busi,50,0.7759,0.8148,0.7988,0.0389,0.0229
decoder_only,busi,100,0.6547,0.6996,0.7041,0.0449,0.0494
decoder_only,busi,200,0.4888,0.537,0.5114,0.0482,0.0226
decoder_only,cbis_ddsm,0,0.8273,0.7872,0.6527,-0.0401,-0.1746
decoder_only,cbis_ddsm,20,0.7118,0.7078,0.6106,-0.004,-0.1012
decoder_only,cbis_ddsm,50,0.5075,0.5236,0.5026,0.0161,-0.0049
decoder_only,cbis_ddsm,100,0.3035,0.3094,0.3114,0.0059,0.0079
decoder_only,cbis_ddsm,200,0.157,0.1565,0.1528,-0.0005,-0.0042
vpt_shallow,isic2018_test,0,0.9457,0.9429,0.9316,-0.0028,-0.0141
vpt_shallow,isic2018_test,20,0.9337,0.9328,0.9256,-0.0009,-0.0081
vpt_shallow,isic2018_test,50,0.8938,0.904,0.9109,0.0102,0.0171
vpt_shallow,isic2018_test,100,0.83,0.8476,0.8756,0.0176,0.0456
vpt_shallow,isic2018_test,200,0.7306,0.7455,0.7951,0.0149,0.0645
vpt_shallow,ph2,0,0.9436,0.9421,0.9382,-0.0015,-0.0054
vpt_shallow,ph2,20,0.9288,0.9305,0.9325,0.0017,0.0037
vpt_shallow,ph2,50,0.8939,0.9025,0.9179,0.0086,0.024
vpt_shallow,ph2,100,0.8312,0.8436,0.8815,0.0124,0.0503
vpt_shallow,ph2,200,0.7485,0.7516,0.8092,0.0031,0.0607
vpt_shallow,busi,0,0.8112,0.7701,0.6723,-0.0411,-0.1389
vpt_shallow,busi,20,0.7939,0.7537,0.6638,-0.0402,-0.1301
vpt_shallow,busi,50,0.7324,0.7057,0.6433,-0.0267,-0.0891
vpt_shallow,busi,100,0.6391,0.6239,0.5839,-0.0152,-0.0552
vpt_shallow,busi,200,0.4889,0.4781,0.4509,-0.0108,-0.038
vpt_shallow,cbis_ddsm,0,0.6388,0.4167,0.2496,-0.2221,-0.3892
vpt_shallow,cbis_ddsm,20,0.5717,0.3908,0.2683,-0.1809,-0.3034
vpt_shallow,cbis_ddsm,50,0.4314,0.3271,0.2495,-0.1043,-0.1819
vpt_shallow,cbis_ddsm,100,0.2762,0.2291,0.1803,-0.0471,-0.0959
vpt_shallow,cbis_ddsm,200,0.1461,0.1273,0.1101,-0.0188,-0.036
vpt_deep,isic2018_test,0,0.9472,0.9444,0.933,-0.0028,-0.0142
vpt_deep,isic2018_test,20,0.934,0.9328,0.9266,-0.0012,-0.0074
vpt_deep,isic2018_test,50,0.8947,0.8994,0.9106,0.0047,0.0159
vpt_deep,isic2018_test,100,0.8302,0.8347,0.8738,0.0045,0.0436
vpt_deep,isic2018_test,200,0.7256,0.7277,0.7886,0.0021,0.063
vpt_deep,ph2,0,0.9458,0.9444,0.9368,-0.0014,-0.009
vpt_deep,ph2,20,0.9318,0.9312,0.9301,-0.0006,-0.0017
vpt_deep,ph2,50,0.8978,0.9004,0.9145,0.0026,0.0167
vpt_deep,ph2,100,0.8352,0.8379,0.8733,0.0027,0.0381
vpt_deep,ph2,200,0.7463,0.7465,0.7899,0.0002,0.0436
vpt_deep,busi,0,0.7995,0.8136,0.7631,0.0141,-0.0364
vpt_deep,busi,20,0.7804,0.8018,0.7542,0.0214,-0.0262
vpt_deep,busi,50,0.7171,0.7504,0.7237,0.0333,0.0066
vpt_deep,busi,100,0.6165,0.6465,0.6431,0.03,0.0266
vpt_deep,busi,200,0.4695,0.4884,0.4747,0.0189,0.0052
vpt_deep,cbis_ddsm,0,0.5744,0.5767,0.4049,0.0023,-0.1695
vpt_deep,cbis_ddsm,20,0.5201,0.5203,0.3863,0.0002,-0.1338
vpt_deep,cbis_ddsm,50,0.3888,0.4066,0.3353,0.0178,-0.0535
vpt_deep,cbis_ddsm,100,0.254,0.2625,0.2317,0.0085,-0.0223
vpt_deep,cbis_ddsm,200,0.1336,0.1367,0.1241,0.0031,-0.0095
lora,isic2018_test,0,0.9545,0.951,0.9421,-0.0035,-0.0124
lora,isic2018_test,20,0.941,0.939,0.9388,-0.002,-0.0022
lora,isic2018_test,50,0.9052,0.907,0.9287,0.0018,0.0235
lora,isic2018_test,100,0.8584,0.8535,0.9045,-0.0049,0.0461
lora,isic2018_test,200,0.7978,0.7808,0.8494,-0.017,0.0516
lora,ph2,0,0.9557,0.9516,0.951,-0.0041,-0.0047
lora,ph2,20,0.939,0.9368,0.9459,-0.0022,0.0069
lora,ph2,50,0.9078,0.9084,0.935,0.0006,0.0272
lora,ph2,100,0.8692,0.8643,0.9109,-0.0049,0.0417
lora,ph2,200,0.8342,0.8258,0.8724,-0.0084,0.0382
lora,busi,0,0.7775,0.8109,0.7474,0.0334,-0.0301
lora,busi,20,0.7515,0.7952,0.7441,0.0437,-0.0074
lora,busi,50,0.6967,0.7511,0.7248,0.0544,0.0281
lora,busi,100,0.6165,0.6623,0.6708,0.0458,0.0543
lora,busi,200,0.487,0.5126,0.5179,0.0256,0.0309
lora,cbis_ddsm,0,0.4979,0.5422,0.1785,0.0443,-0.3194
lora,cbis_ddsm,20,0.4752,0.5052,0.208,0.03,-0.2672
lora,cbis_ddsm,50,0.3898,0.4154,0.2236,0.0256,-0.1662
lora,cbis_ddsm,100,0.2736,0.2647,0.1913,-0.0089,-0.0823
lora,cbis_ddsm,200,0.1433,0.1392,0.1073,-0.0041,-0.036
full_ft,isic2018_test,0,0.9609,0.9553,0.9446,-0.0056,-0.0163
full_ft,isic2018_test,20,0.9486,0.9457,0.9412,-0.0029,-0.0074
full_ft,isic2018_test,50,0.9022,0.911,0.9305,0.0088,0.0283
full_ft,isic2018_test,100,0.8263,0.8393,0.9016,0.013,0.0753
full_ft,isic2018_test,200,0.7098,0.7252,0.8386,0.0154,0.1288
full_ft,ph2,0,0.9583,0.9543,0.9468,-0.004,-0.0115
full_ft,ph2,20,0.9382,0.9422,0.9423,0.004,0.0041
full_ft,ph2,50,0.8984,0.9103,0.9329,0.0119,0.0345
full_ft,ph2,100,0.8328,0.8462,0.9043,0.0134,0.0715
full_ft,ph2,200,0.7437,0.7533,0.8651,0.0096,0.1214
full_ft,busi,0,0.8991,0.8935,0.8783,-0.0056,-0.0208
full_ft,busi,20,0.8879,0.8891,0.8715,0.0012,-0.0164
full_ft,busi,50,0.8079,0.8341,0.8345,0.0262,0.0266
full_ft,busi,100,0.6745,0.705,0.7194,0.0305,0.0449
full_ft,busi,200,0.5014,0.5241,0.5135,0.0227,0.0121
full_ft,cbis_ddsm,0,0.828,0.8015,0.7064,-0.0265,-0.1216
full_ft,cbis_ddsm,20,0.7476,0.743,0.656,-0.0046,-0.0916
full_ft,cbis_ddsm,50,0.5617,0.5808,0.547,0.0191,-0.0147
full_ft,cbis_ddsm,100,0.3346,0.3494,0.3446,0.0148,0.01
full_ft,cbis_ddsm,200,0.1704,0.1744,0.1626,0.004,-0.0078
